Arrest Key,Relates Incident Number,Day of the Week,Arrest Date,Arrest Time,Age,Sex,Race,Ethnicity,Arrest Type,Weapon Code,Street Number,Street Name,City,Location
37058,18008504,Mon,08/28/2017 12:00:00 AM,825,50,Female,Black,Not Hispanic,Taken into Custody,None,1900,DARROW AV,EVANSTON,"(42.052982334727446, -87.69734651386223)"
48341,18000033,Tue,01/02/2018 12:00:00 AM,1900,17,Male,White,,Taken into Custody,None,1500,ELMWOOD AV,EVANSTON,"(42.0460107307921, -87.68378492477495)"
48343,18000040,Wed,01/03/2018 12:00:00 AM,1214,42,Male,Black,,On View,,1900,MAPLE AV,EVANSTON,"(42.05301942527244, -87.68471901579495)"
48345,18000055,Wed,01/03/2018 12:00:00 AM,1844,31,Female,Black,,Taken into Custody,Personal (Hands/Fist/Feet),400,RIDGE AV,EVANSTON,"(42.025837474313164, -87.68535997696793)"
48348,18000104,Fri,01/05/2018 12:00:00 AM,1008,19,Male,White,Not Hispanic,,None,1400,HARTREY AV,EVANSTON,"(42.04338911487455, -87.70375540569039)"
48352,18000151,Sun,01/07/2018 12:00:00 AM,438,32,Male,Black,,On View,None,400,MAIN ST,EVANSTON,"(42.03391736294115, -87.67688522083806)"
48360,18000233,Wed,01/10/2018 12:00:00 AM,422,38,Male,Black,,On View,Personal (Hands/Fist/Feet),800,SEWARD ST,EVANSTON,"(42.02880071164125, -87.68320801876644)"
48365,18000256,Wed,01/10/2018 12:00:00 AM,2200,20,Male,White,,Taken into Custody,None,1300,MAPLE AV,EVANSTON,"(42.04195949640337, -87.68509523408089)"
48369,18000277,Thu,01/11/2018 12:00:00 AM,1946,26,Male,Black,,Taken into Custody,None,1400,HOWARD ST,EVANSTON,"(42.019473609180395, -87.69283702200437)"
48370,18000280,Thu,01/11/2018 12:00:00 AM,1638,19,Male,Black,,Taken into Custody,Other,2000,MC CORMICK BL,EVANSTON,"(42.05685478444287, -87.7010244836222)"
48372,18000277,Thu,01/11/2018 12:00:00 AM,2057,32,Male,Black,,On View,None,1400,HOWARD ST,EVANSTON,"(42.019473609180395, -87.69283702200437)"
48373,18000291,Fri,01/12/2018 12:00:00 AM,104,24,Male,Black,,Taken into Custody,,,ISABELLA/GREENBAY,,
48379,18000369,Sun,01/14/2018 12:00:00 AM,2022,19,Male,Black,Not Hispanic,Warrant,None,100,CHICAGO AV,EVANSTON,"(42.0202707903477, -87.67653060029382)"
48383,18000324,Sat,01/13/2018 12:00:00 AM,100,29,Male,White,,Taken into Custody,,2300,EMERSON ST,EVANSTON,"(42.05197366619142, -87.70573586402823)"
48388,18000409,Tue,01/16/2018 12:00:00 AM,35,32,Male,Black,Not Hispanic,Taken into Custody,Motor Vehicle,2800,BIRCHWOOD AVENUE,CHICAGO,
48394,18000444,Tue,01/16/2018 12:00:00 AM,2008,16,Male,Black,,Taken into Custody,None,100,CALLAN AV,EVANSTON,"(42.02031892581231, -87.6792164114233)"
48398,18000532,Fri,01/19/2018 12:00:00 AM,1610,42,Male,Black,Not Hispanic,Taken into Custody,Personal (Hands/Fist/Feet),300,CALLAN AV,EVANSTON,"(42.02386984856429, -87.67919741988646)"
48401,18000568,Sun,01/21/2018 12:00:00 AM,1038,59,Male,White,,On View,None,500,DODGE AV/OAKTON ST,EVANSTON,"(42.0275158555584, -87.69943635426894)"
48413,18000597,Mon,01/22/2018 12:00:00 AM,1325,23,Male,Black,Not Hispanic,Taken into Custody,Personal (Hands/Fist/Feet),1200,SOUTH BL,EVANSTON,"(42.02780049432733, -87.6892830781476)"
48416,18000640,Wed,01/24/2018 12:00:00 AM,45,36,Female,White,Not Hispanic,On View,None,100,ASBURY AV,EVANSTON,"(42.02053223313827, -87.69015316502616)"
48417,18000644,Wed,01/24/2018 12:00:00 AM,834,59,Male,Black,,Taken into Custody,None,200,ASBURY AV,EVANSTON,"(42.022339108703086, -87.69013374998)"
48418,18000647,Wed,01/24/2018 12:00:00 AM,1029,49,Male,White,,On View,None,1000,HOWARD ST,EVANSTON,"(42.01950824721509, -87.68645463516181)"
48419,18000658,Wed,01/24/2018 12:00:00 AM,1619,31,Male,Black,,Taken into Custody,None,1600,ORRINGTON AV,EVANSTON,"(42.04747037850922, -87.68114463040473)"
48422,18000714,Fri,01/26/2018 12:00:00 AM,116,19,Male,Black,Not Hispanic,On View,None,1800,WESLEY AV,EVANSTON,"(42.05126211492243, -87.69193616288665)"
48423,18000716,Fri,01/26/2018 12:00:00 AM,530,46,Male,Black,,Taken into Custody,None,400,RIDGE AV,EVANSTON,"(42.025837474313164, -87.68535997696793)"
48425,18000712,Fri,01/26/2018 12:00:00 AM,6,22,Male,Unknown,Not Hispanic,On View,None,1200,HOWARD ST,EVANSTON,"(42.0195351094662, -87.68938599155648)"
48426,18000714,Fri,01/26/2018 12:00:00 AM,116,20,Male,White,Not Hispanic,On View,None,1800,WESLEY AV,EVANSTON,"(42.05126211492243, -87.69193616288665)"
48429,18000717,Fri,01/26/2018 12:00:00 AM,800,48,Female,Black,,Taken into Custody,Knife/Cutting Instrument,1700,SHERMAN AV,EVANSTON,"(42.04920651811222, -87.68181463142957)"
48430,18000745,Fri,01/26/2018 12:00:00 AM,2040,27,Male,Black,,On View,None,,CALRK/JARVIS,CHICAGO,
48431,18000750,Fri,01/26/2018 12:00:00 AM,2340,18,Female,White,,On View,Toy or Fake,1200,HULL TER,EVANSTON,"(42.02455924857053, -87.68932718623935)"
48432,18000803,Sun,01/28/2018 12:00:00 AM,1438,20,Male,White,Not Hispanic,On View,None,600,CHICAGO AV,EVANSTON,"(42.029984911145235, -87.67857116649239)"
48433,18000772,Sat,01/27/2018 12:00:00 AM,1349,37,Male,Black,,Taken into Custody,None,2700,GREEN BAY RD,EVANSTON,"(42.067844181835355, -87.70173836113409)"
48435,18000745,Fri,01/26/2018 12:00:00 AM,2127,25,Male,Black,,On View,None,,CLARK/JARVIS,CHICAGO,
48436,18000750,Sat,01/27/2018 12:00:00 AM,222,18,Male,White,,Taken into Custody,Toy or Fake,1200,HULL TER,EVANSTON,"(42.02455924857053, -87.68932718623935)"
48437,18000795,Sun,01/28/2018 12:00:00 AM,628,45,Male,White,,Taken into Custody,None,1500,SHERMAN AV,EVANSTON,"(42.045944628468234, -87.68181709791915)"
48438,18000761,Sat,01/27/2018 12:00:00 AM,1135,39,Male,White,,,None,1400,EMERSON ST,EVANSTON,"(42.0521960629477, -87.69273344879336)"
48441,18000822,Mon,01/29/2018 12:00:00 AM,826,60,Female,Black,,Taken into Custody,None,1200,GREENWOOD ST/RIDGE AV,EVANSTON,"(42.04274480540793, -87.68933974366097)"
48442,18000843,Mon,01/29/2018 12:00:00 AM,1704,31,Male,White,Not Hispanic,Taken into Custody,Personal (Hands/Fist/Feet),700,MULFORD ST,EVANSTON,"(42.02298921560703, -87.68160037621158)"
48443,18000853,Tue,01/30/2018 12:00:00 AM,124,36,Female,Black,Not Hispanic,Taken into Custody,None,200,CALLAN AV,EVANSTON,"(42.022147783790764, -87.6792061081797)"
48444,18000860,Tue,01/30/2018 12:00:00 AM,1140,34,Male,Black,,Warrant,,600,CASE PL,EVANSTON,"(42.02204937999835, -87.67844924072985)"
48448,18000834,Mon,01/29/2018 12:00:00 AM,1824,45,Male,Black,Not Hispanic,Taken into Custody,None,2400,ELGIN RD,,
48450,18000815,Sun,01/28/2018 12:00:00 AM,1923,25,Male,Black,,On View,None,300,HOWARD ST,EVANSTON,"(42.01939118426452, -87.67390647561167)"
48451,18000886,Wed,01/31/2018 12:00:00 AM,1325,22,Male,White,,,,2000,DODGE AV,EVANSTON,"(42.054731556444544, -87.69886154289249)"
48454,18000916,Thu,02/01/2018 12:00:00 AM,1037,45,Female,Black,,Taken into Custody,None,1800,DEMPSTER ST,EVANSTON,"(42.041137557693055, -87.69836969844225)"
48460,18001005,Sun,02/04/2018 12:00:00 AM,1635,21,Male,Black,,Taken into Custody,None,2200,DAVIS,EVANSTON,"(42.04642052197887, -87.70756567644095)"
48461,18001005,Sun,02/04/2018 12:00:00 AM,1512,20,Female,Black,,Taken into Custody,None,2400,DAVIS ST,EVANSTON,"(42.04642052197887, -87.70756567644095)"
48462,18001010,Mon,02/05/2018 12:00:00 AM,3,38,Male,White,,Taken into Custody,None,2400,MAIN ST,EVANSTON,"(42.033695899617555, -87.70787166189695)"
48463,18001010,Mon,02/05/2018 12:00:00 AM,9,35,Male,White,,Taken into Custody,None,2400,MAIN ST,EVANSTON,"(42.033695899617555, -87.70787166189695)"
48464,18001025,Mon,02/05/2018 12:00:00 AM,1728,25,Male,Black,,On View,Handgun,100,ASHLAND AV,EVANSTON,"(42.02046418974842, -87.69329141379103)"
48470,18001066,Wed,02/07/2018 12:00:00 AM,834,50,Female,White,Not Hispanic,On View,None,2100,HOWARD,CHICAGO,"(42.01925234323605, -87.70312549977172)"
48473,18000785,Sat,01/27/2018 12:00:00 AM,2303,26,Male,White,Unknown,Taken into Custody,None,3200,GRANT ST,EVANSTON,"(42.0589030229198, -87.72440253416451)"
48476,18001116,Thu,02/08/2018 12:00:00 AM,2115,36,Female,White,,Taken into Custody,None,800,MONROE ST,EVANSTON,"(42.03080421614143, -87.68317002730313)"
48479,18001126,Fri,02/09/2018 12:00:00 AM,1350,29,Female,White,,Taken into Custody,None,2500,MAIN ST,EVANSTON,"(42.03369119364168, -87.70927798129657)"
48482,18001220,Mon,02/12/2018 12:00:00 AM,2158,17,Male,Black,,Taken into Custody,,100,CLYDE AV,EVANSTON,"(42.02031106860345, -87.67799678275345)"
48484,18000926,Tue,02/13/2018 12:00:00 AM,1245,15,Male,Black,,Taken into Custody,,1100,SOUTH HAMILTON,CHICAGO,"(42.027794078157065, -87.68776213662964)"
48485,18001262,Wed,02/14/2018 12:00:00 AM,1021,30,Female,White,Not Hispanic,Taken into Custody,None,800,RIDGE AV,EVANSTON,"(42.0330979802221, -87.6865565404558)"
48486,18001291,Wed,02/14/2018 12:00:00 AM,1950,18,Male,Black,,Warrant,None,2000,EMERSON ST,EVANSTON,"(42.05203800908652, -87.70123659183844)"
48487,18001303,Thu,02/15/2018 12:00:00 AM,305,41,Male,White,,On View,None,1200,HOWARD ST,EVANSTON,"(42.0195351094662, -87.68938599155648)"
48488,18001290,Wed,02/14/2018 12:00:00 AM,2000,62,Male,Black,,Taken into Custody,Handtool,900,CHURCH ST,EVANSTON,"(42.04847971784911, -87.68409256314564)"
48491,18001337,Fri,02/16/2018 12:00:00 AM,215,29,Female,White,,Taken into Custody,Handgun,1300,HOWARD ST,EVANSTON,"(42.01950563970092, -87.69126988978809)"
48492,18001338,Fri,02/16/2018 12:00:00 AM,336,37,Male,Black,,On View,None,1400,CHICAGO AV,EVANSTON,"(42.043834145158726, -87.6805179156112)"
48498,18001371,Sat,02/17/2018 12:00:00 AM,149,57,Male,White,,On View,None,2400,FOSTER ST/EMERSON ST,EVANSTON,
48499,18001394,Sat,02/17/2018 12:00:00 AM,2137,18,Male,Black,,Taken into Custody,None,2100,DARROW AV,EVANSTON,"(42.05627801141634, -87.69728128136214)"
48512,18001479,Tue,02/20/2018 12:00:00 AM,1800,28,Female,Black,,Taken into Custody,Personal (Hands/Fist/Feet),800,DAVIS ST,EVANSTON,"(42.04696657437724, -87.68263203697478)"
48515,18001515,Thu,02/22/2018 12:00:00 AM,135,27,Male,White,,On View,None,,HOWARD/KEDZIE,,
48519,18001543,Thu,02/22/2018 12:00:00 AM,1615,22,Male,Black,,Taken into Custody,None,2000,MAPLE AV/FOSTER ST,EVANSTON,"(42.054864802315755, -87.68468322934746)"
48522,18001558,Fri,02/23/2018 12:00:00 AM,30,45,Male,Black,Not Hispanic,Taken into Custody,Blunt Objects,1800,DODGE AV,EVANSTON,"(42.05114176963687, -87.69892982091864)"
48527,18001569,Fri,02/23/2018 12:00:00 AM,1420,23,Male,Black,,Taken into Custody,None,400,CUSTER AV,EVANSTON,"(42.02567374153297, -87.68040285750322)"
48530,18001655,Mon,02/26/2018 12:00:00 AM,250,19,Male,Black,Not Hispanic,On View,None,1600,OAK AV,EVANSTON,"(42.04779080678063, -87.68681762808806)"
48531,18001610,Sat,02/24/2018 12:00:00 AM,1707,30,Female,Black,,Taken into Custody,Blunt Objects,1500,MONROE ST,EVANSTON,"(42.030781355805836, -87.69396111076078)"
48532,18001610,Sat,02/24/2018 12:00:00 AM,1717,25,Female,Black,,Taken into Custody,Blunt Objects,1500,MONROE ST,EVANSTON,"(42.030781355805836, -87.69396111076078)"
48533,18001656,Mon,02/26/2018 12:00:00 AM,530,45,Male,Black,Not Hispanic,Taken into Custody,None,2500,HOWARD ST,EVANSTON,"(42.01912576109617, -87.71014231390112)"
48538,18001691,Wed,02/28/2018 12:00:00 AM,627,57,Female,White,,,None,700,CUSTER AV,EVANSTON,"(42.03128469761468, -87.68030990178698)"
48539,18001733,Wed,02/28/2018 12:00:00 AM,1757,31,Female,Black,,Taken into Custody,None,1500,ELMWOOD AV,EVANSTON,"(42.0460107307921, -87.68378492477495)"
48540,18001743,Thu,03/01/2018 12:00:00 AM,240,28,Male,White,,Warrant,None,600,GROVE ST,EVANSTON,"(42.045234492223614, -87.68105848714487)"
48546,18001793,Fri,03/02/2018 12:00:00 AM,1511,36,Male,Black,,Warrant,None,1500,ELMWOOD AV,EVANSTON,"(42.0460107307921, -87.68378492477495)"
48557,18001905,Tue,03/06/2018 12:00:00 AM,1437,43,Male,White,,Taken into Custody,None,1700,MONROE ST,EVANSTON,"(42.03074534060465, -87.69713386983535)"
48558,18001852,Sun,03/04/2018 12:00:00 AM,1704,21,Female,Black,Not Hispanic,,None,1700,MAIN ST,EVANSTON,"(42.03391009903277, -87.69701113162536)"
48559,18001912,Tue,03/06/2018 12:00:00 AM,1700,23,Male,Black,Not Hispanic,Taken into Custody,Personal (Hands/Fist/Feet),300,HOWARD ST,EVANSTON,"(42.01939118426452, -87.67390647561167)"
48560,18001913,Tue,03/06/2018 12:00:00 AM,1744,27,Male,Black,,Taken into Custody,None,7400,CLARK STREET,CHICAGO,
48561,18001910,Tue,03/06/2018 12:00:00 AM,1842,65,Male,White,,On View,,800,GREENWOOD AV,GLENCOE,"(42.042660477128244, -87.68302074393785)"
48562,18001889,Tue,03/06/2018 12:00:00 AM,802,55,Female,Black,,,None,1100,RIDGE AV,EVANSTON,"(42.03854487208755, -87.68778502388699)"
48563,18001903,Wed,03/07/2018 12:00:00 AM,1659,21,Male,White,,Taken into Custody,Knife/Cutting Instrument,5000,OAKTON,SKOKIE,
48566,18001971,Thu,03/08/2018 12:00:00 AM,1623,20,Male,Black,Not Hispanic,Taken into Custody,None,1400,CHURCH ST,EVANSTON,"(42.048577035442975, -87.6927904687493)"
48568,18001974,Thu,03/08/2018 12:00:00 AM,1721,25,Male,White,,,None,1900,DOBSON ST,EVANSTON,"(42.02022147322229, -87.70024067928964)"
48575,18001998,Fri,03/09/2018 12:00:00 AM,1738,42,Female,Black,,Taken into Custody,,1600,DODGE AV,EVANSTON,"(42.04771286124296, -87.69900335431777)"
48587,18002013,Sat,03/10/2018 12:00:00 AM,215,28,Male,Black,,On View,,900,CLARK ST,EVANSTON,"(42.04998614403731, -87.6840506259118)"
48590,18002129,Wed,03/14/2018 12:00:00 AM,546,22,Male,Black,,Taken into Custody,Handgun,1800,GREY AV,EVANSTON,"(42.05110283619565, -87.70242465845219)"
48591,18002132,Wed,03/14/2018 12:00:00 AM,1015,22,Male,Black,,Warrant,Handgun,1500,ELMWOOD AV,,"(42.0460107307921, -87.68378492477495)"
48595,18002148,Thu,03/15/2018 12:00:00 AM,32,55,Male,Black,,Taken into Custody,,2000,DARROW AV,EVANSTON,"(42.054760154188536, -87.69731281936271)"
48599,18002191,Sun,03/18/2018 12:00:00 AM,1853,24,Male,Black,Not Hispanic,Taken into Custody,None,1500,FOSTER ST,EVANSTON,"(42.0539171860695, -87.69404003413491)"
48600,18002090,Mon,03/12/2018 12:00:00 AM,2013,62,Male,Black,,,None,,SOUTH BLVD / FOREST AVE,EVANSTON,
48604,18002196,Fri,03/16/2018 12:00:00 AM,1030,35,Male,White,,On View,None,500,MAIN ST,EVANSTON,"(42.033935841279025, -87.67853868568051)"
48605,18002237,Sat,03/17/2018 12:00:00 AM,1341,46,Male,Black,Not Hispanic,Warrant,None,1000,DODGE AV,EVANSTON,"(42.03659148493038, -87.69924144158854)"
48612,18002213,Fri,03/16/2018 12:00:00 AM,1723,27,Male,White,,,None,400,ASBURY AV/KIRK ST,EVANSTON,"(42.02585323613883, -87.69008895718044)"
48615,18002320,Tue,03/20/2018 12:00:00 AM,553,46,Male,White,,Warrant,None,200,CUSTER AV,EVANSTON,"(42.022098882111344, -87.68042634144619)"
48616,18002255,Sun,03/18/2018 12:00:00 AM,226,13,Male,Black,Not Hispanic,On View,None,1800,MADISON ST,EVANSTON,"(42.0316189058858, -87.69860595912127)"
48617,18002255,Sun,03/18/2018 12:00:00 AM,231,15,Male,Black,,Taken into Custody,None,1800,WASHINGTON ST,EVANSTON,"(42.03268921444981, -87.69857611682652)"
48618,18002329,Tue,03/20/2018 12:00:00 AM,1345,32,Male,Black,Not Hispanic,On View,,1100,HOWARD ST,EVANSTON,"(42.0195200150592, -87.68780705298875)"
48620,18002339,Tue,03/20/2018 12:00:00 AM,1732,19,Male,Black,,Taken into Custody,None,100,GREY AV/HOWARD ST,EVANSTON,"(42.02018745819916, -87.70192853913424)"
48621,18002339,Tue,03/20/2018 12:00:00 AM,1732,18,Female,Black,,Taken into Custody,None,100,GREY AV/HOWARD ST,EVANSTON,"(42.02018745819916, -87.70192853913424)"
48622,18002339,Tue,03/20/2018 12:00:00 AM,1732,19,Female,Black,,Taken into Custody,None,100,GREY AV/HOWARD ST,EVANSTON,"(42.02018745819916, -87.70192853913424)"
48627,18002446,Sat,03/24/2018 12:00:00 AM,313,27,Male,Black,Not Hispanic,Taken into Custody,Handgun,600,CASE,,"(42.02204937999835, -87.67844924072985)"
48628,18002186,Thu,03/15/2018 12:00:00 AM,2028,22,Male,Black,,On View,Handgun,3600,MAIN STREET,SKOKIE,
48631,18002446,Sat,03/24/2018 12:00:00 AM,313,18,Male,Black,Not Hispanic,Taken into Custody,Handgun,600,CASE,,"(42.02204937999835, -87.67844924072985)"
48632,18002429,Fri,03/23/2018 12:00:00 AM,1742,41,Male,Black,,,,1000,HOWARD ST,EVANSTON,"(42.01950824721509, -87.68645463516181)"
48640,18002446,Sat,03/24/2018 12:00:00 AM,333,17,Male,Black,Not Hispanic,Taken into Custody,Handgun,600,CASE PL,EVANSTON,"(42.02204937999835, -87.67844924072985)"
48641,18002172,Thu,03/15/2018 12:00:00 AM,1407,52,Male,White,,,None,1000,GROVE ST,EVANSTON,"(42.04560440318113, -87.6859422687044)"
48642,18002636,Fri,03/30/2018 12:00:00 AM,252,51,Male,Black,,On View,None,100,ASBURY AV,EVANSTON,"(42.02053223313827, -87.69015316502616)"
48643,18002637,Fri,03/30/2018 12:00:00 AM,157,51,Male,Black,,Warrant,None,100,ASBURY AV,EVANSTON,"(42.02053223313827, -87.69015316502616)"
48644,18002173,Thu,03/15/2018 12:00:00 AM,1430,52,Male,White,,,None,1000,GROVE ST,EVANSTON,"(42.04560440318113, -87.6859422687044)"
48645,18002613,Thu,03/29/2018 12:00:00 AM,915,44,Male,Black,,On View,None,7500,N CLARK ST,CHICAGO,
48646,18002623,Thu,03/29/2018 12:00:00 AM,1811,20,Male,Black,,Taken into Custody,None,1700,ORRINGTON AV,EVANSTON,"(42.04911412362465, -87.68035607867104)"
48647,18002627,Thu,03/29/2018 12:00:00 AM,1935,20,Male,Black,,Warrant,None,1700,ORRINGTON AV,EVANSTON,"(42.04911412362465, -87.68035607867104)"
48648,18002626,Thu,03/29/2018 12:00:00 AM,1947,20,Male,Black,,Warrant,None,1700,ORRINGTON AV,EVANSTON,"(42.04911412362465, -87.68035607867104)"
48649,18001516,Thu,02/22/2018 12:00:00 AM,215,40,Male,White,,On View,None,100,KEDZIE ST/SHERIDAN RD,EVANSTON,"(42.03206954534338, -87.67143943177132)"
48650,18001471,Mon,03/26/2018 12:00:00 AM,2119,65,Male,White,,Taken into Custody,,1500,ELMWOOD AV,EVANSTON,"(42.0460107307921, -87.68378492477495)"
48653,18002691,Sat,03/31/2018 12:00:00 AM,2304,16,Male,White,,Taken into Custody,,1800,EMERSON ST,EVANSTON,"(42.05209625623157, -87.6981378949953)"
48654,18002710,Mon,04/02/2018 12:00:00 AM,8,25,Female,Black,Not Hispanic,Taken into Custody,None,1600,PAYNE ST,EVANSTON,"(42.0569914287779, -87.69493800763546)"
48672,18002803,Thu,04/05/2018 12:00:00 AM,1020,21,Male,Black,,Taken into Custody,None,1500,RIDGE AV,EVANSTON,"(42.0458969697563, -87.68863765122373)"
48673,18002837,Fri,04/06/2018 12:00:00 AM,53,28,Male,Black,,Taken into Custody,None,,HOWARD ST/RIDGE AV,CHICAGO,
48676,18002865,Sat,04/07/2018 12:00:00 AM,1847,39,Male,Black,,Taken into Custody,Handgun,200,CALLAN AV,EVANSTON,"(42.022147783790764, -87.6792061081797)"
48681,18002889,Sun,04/08/2018 12:00:00 AM,155,40,Male,Black,,Taken into Custody,,1100,EMERSON ST,EVANSTON,"(42.052146072952034, -87.68720200803584)"
48687,18002196,Mon,04/09/2018 12:00:00 AM,1632,35,Male,White,,Warrant,None,900,CHICAGO AV,EVANSTON,"(42.03481295340718, -87.67955038740563)"
48690,18002866,Sat,04/07/2018 12:00:00 AM,936,45,Female,Black,,,,200,RIDGE AV,EVANSTON,"(42.02213751899427, -87.68493554051919)"
48692,18002885,Sat,04/07/2018 12:00:00 AM,2345,24,Female,Black,,Taken into Custody,,1700,GREENWOOD ST,EVANSTON,"(42.042774541648356, -87.69688809452121)"
48694,18002966,Tue,04/10/2018 12:00:00 AM,1726,71,Female,White,,Taken into Custody,None,2700,RIDGE AV,EVANSTON,"(42.06747071840131, -87.6829566385919)"
48697,18002936,Mon,04/09/2018 12:00:00 AM,1954,28,Male,Black,,On View,None,1200,DODGE AV,EVANSTON,"(42.04021405730369, -87.69916803381597)"
48705,18003074,Fri,04/13/2018 12:00:00 AM,1849,46,Male,Black,Not Hispanic,On View,None,2000,OAKTON ST,EVANSTON,"(42.02654598740489, -87.70172819948571)"
48706,18003083,Sat,04/14/2018 12:00:00 AM,138,51,Male,Black,,Warrant,None,1500,ELMWOOD AV,EVANSTON,"(42.0460107307921, -87.68378492477495)"
48707,18003093,Sat,04/14/2018 12:00:00 AM,1252,37,Male,Black,,Taken into Custody,None,1900,DEMPSTER ST,EVANSTON,"(42.04110795331242, -87.70005506348431)"
48710,18003110,Sun,04/15/2018 12:00:00 AM,115,42,Female,Black,,Taken into Custody,Knife/Cutting Instrument,1600,DODGE AV,EVANSTON,"(42.04771286124296, -87.69900335431777)"
48712,18003074,Fri,04/13/2018 12:00:00 AM,2136,51,Male,Black,,On View,None,2000,OAKTON ST,EVANSTON,"(42.02654598740489, -87.70172819948571)"
48714,18003157,Mon,04/16/2018 12:00:00 AM,2010,30,Male,Black,,On View,Firearm,1300,HOWARD ST,EVANSTON,"(42.01950563970092, -87.69126988978809)"
48715,18002312,Fri,04/13/2018 12:00:00 AM,1533,17,Male,Black,Not Hispanic,Taken into Custody,None,1500,ELMWOOD AV,EVANSTON,"(42.0460107307921, -87.68378492477495)"
48716,18003188,Wed,04/18/2018 12:00:00 AM,154,24,Male,Black,,Taken into Custody,Handgun,500,SHERIDAN RD,EVANSTON,"(42.02751784999248, -87.67063843293887)"
48720,18003141,Mon,04/16/2018 12:00:00 AM,1146,36,Male,Black,,Taken into Custody,None,1400,HARTREY AV/GREENWOOD ST,EVANSTON,"(42.04338911487455, -87.70375540569039)"
48721,18003157,Mon,04/16/2018 12:00:00 AM,2010,30,Female,Black,,On View,Firearm,1300,HOWARD ST,EVANSTON,"(42.01950563970092, -87.69126988978809)"
48722,18003195,Wed,04/18/2018 12:00:00 AM,1045,21,Female,White,Not Hispanic,Taken into Custody,None,1100,HOWARD ST,EVANSTON,"(42.0195200150592, -87.68780705298875)"
48723,18003167,Tue,04/17/2018 12:00:00 AM,928,38,Female,White,,Taken into Custody,None,0,HOWARD ST/FLORENCE AV,CHICAGO,
48731,18003375,Mon,04/23/2018 12:00:00 AM,1923,18,Male,Black,Not Hispanic,Taken into Custody,,300,CUSTER AV,EVANSTON,"(42.02387663147692, -87.6804146182308)"
48732,18003382,Mon,04/23/2018 12:00:00 AM,2300,33,Male,Asian,,Taken into Custody,,800,MULFORD ST,EVANSTON,"(42.023007628858444, -87.68390397321157)"
48733,18003345,Mon,04/23/2018 12:00:00 AM,608,23,Male,White,,On View,None,600,CLARK ST/CHICAGO AV,EVANSTON,"(42.04967932624872, -87.67894026766503)"
48740,18003416,Wed,04/25/2018 12:00:00 AM,908,29,Female,White,,On View,,500,CHICAGO AV,EVANSTON,"(42.028031071361845, -87.67826620471263)"
48743,18003463,Thu,04/26/2018 12:00:00 AM,1805,36,Male,White,Not Hispanic,,None,1300,RIDGE AV,EVANSTON,"(42.04200340988038, -87.68840022531144)"
48755,18003547,Sun,04/29/2018 12:00:00 AM,215,53,Male,Black,,On View,Personal (Hands/Fist/Feet),2100,DARROW AV,EVANSTON,"(42.05627801141634, -87.69728128136214)"
48760,18003616,Tue,05/01/2018 12:00:00 AM,1054,48,Male,Black,,On View,None,2000,LAKE ST,EVANSTON,"(42.044160472009715, -87.7014094664731)"
48768,18003688,Thu,05/03/2018 12:00:00 AM,1556,35,Male,Black,,Warrant,None,800,CLARK ST,EVANSTON,"(42.0499685585601, -87.6825585236549)"
48769,18003685,Thu,05/03/2018 12:00:00 AM,1556,32,Male,Black,,Warrant,None,800,CLARK ST,EVANSTON,"(42.0499685585601, -87.6825585236549)"
48771,18003629,Tue,05/01/2018 12:00:00 AM,1622,25,Male,White,,,None,2400,DEMPSTER ST,EVANSTON,"(42.040975164103514, -87.70767754633303)"
48773,18003707,Fri,05/04/2018 12:00:00 AM,1457,27,Male,Black,Not Hispanic,On View,None,1100,HOWARD ST,EVANSTON,"(42.0195200150592, -87.68780705298875)"
48774,18003718,Fri,05/04/2018 12:00:00 AM,1631,16,Female,Black,,Taken into Custody,Personal (Hands/Fist/Feet),1600,DODGE AV,EVANSTON,"(42.04771286124296, -87.69900335431777)"
48775,18003780,Sun,05/06/2018 12:00:00 AM,1613,41,Male,White,,,None,2300,DEMPSTER ST/PITNER AV,EVANSTON,"(42.041000909335246, -87.70613404194994)"
48776,18003786,Sun,05/06/2018 12:00:00 AM,2250,42,Male,Black,,Taken into Custody,Personal (Hands/Fist/Feet),1100,PITNER AV,EVANSTON,"(42.03829010417681, -87.7054265186448)"
48780,18003807,Mon,05/07/2018 12:00:00 AM,1710,35,Male,Black,,,None,1900,DEMPSTER ST,EVANSTON,"(42.04110795331242, -87.70005506348431)"
48781,18003808,Mon,05/07/2018 12:00:00 AM,1830,20,Female,Black,,Taken into Custody,Other,2400,DEMPSTER ST/FOWLER AV,EVANSTON,"(42.040975164103514, -87.70767754633303)"
48785,18003824,Tue,05/08/2018 12:00:00 AM,1107,17,Female,White,,Taken into Custody,None,1900,CHURCH ST,EVANSTON,"(42.04836647094488, -87.6998741615417)"
48793,18004028,Sun,05/13/2018 12:00:00 AM,2145,18,Female,White,,Taken into Custody,None,2300,OAKTON ST,EVANSTON,"(42.026432496165185, -87.70672396840237)"
48794,18004035,Mon,05/14/2018 12:00:00 AM,155,20,Female,White,,Warrant,None,300,RIDGE AV,EVANSTON,"(42.02401145074866, -87.68515036476056)"
48795,18004030,Sun,05/13/2018 12:00:00 AM,2303,33,Male,Black,,Taken into Custody,,,GOLF/EMERSON,SKOKIE,
48796,18004036,Mon,05/14/2018 12:00:00 AM,612,40,Male,Black,,On View,None,700,FOREST AV,EVANSTON,"(42.03115832108133, -87.67389868866769)"
48798,18003975,Sat,05/12/2018 12:00:00 AM,145,28,Male,White,,Taken into Custody,None,,HOWARD ST/RIDGE AV,CHICAGO,
48799,18003929,Thu,05/10/2018 12:00:00 AM,1955,45,Male,Black,Not Hispanic,Warrant,,800,CHICAGO AV,EVANSTON,"(42.033031139399924, -87.67919243479058)"
48800,18003949,Fri,05/11/2018 12:00:00 AM,1741,65,Male,Black,,Taken into Custody,None,1600,LINCOLN ST,EVANSTON,"(42.06217939841877, -87.69479853923485)"
48801,18003976,Sat,05/12/2018 12:00:00 AM,120,40,Male,Black,,On View,Personal (Hands/Fist/Feet),2700,RIDGE AV,EVANSTON,"(42.06747071840131, -87.6829566385919)"
48802,18003178,Sat,05/12/2018 12:00:00 AM,916,27,Female,White,,Taken into Custody,Personal (Hands/Fist/Feet),1500,ELMWOOD AV,EVANSTON,"(42.0460107307921, -87.68378492477495)"
48804,18003943,Fri,05/11/2018 12:00:00 AM,830,35,Male,Black,Not Hispanic,,None,900,RIDGE AV,EVANSTON,"(42.03492726446653, -87.68697048015352)"
48805,18004007,Sun,05/13/2018 12:00:00 AM,548,29,Female,Black,,On View,None,1100,ASBURY AV/GREENLEAF ST,EVANSTON,"(42.03854464841506, -87.68986848046387)"
48806,18004021,Sun,05/13/2018 12:00:00 AM,1611,43,Female,Black,,Taken into Custody,None,2500,MAIN ST,EVANSTON,"(42.03369119364168, -87.70927798129657)"
48808,18004053,Mon,05/14/2018 12:00:00 AM,1932,25,Male,White,,Taken into Custody,None,1900,GREY AV,EVANSTON,"(42.052897914369055, -87.7020038053552)"
48809,18004057,Mon,05/14/2018 12:00:00 AM,2350,19,Male,White,,Taken into Custody,None,,RIDGE/BIRCHWOOD,CHICAGO,
48810,18003342,Tue,05/15/2018 12:00:00 AM,1213,21,Male,Black,,Taken into Custody,Fire/Incendiary Device,1500,ELMWOOD AV,EVANSTON,"(42.0460107307921, -87.68378492477495)"
48811,18004076,Tue,05/15/2018 12:00:00 AM,2039,54,Male,Black,,Taken into Custody,None,2200,GREEN BAY RD/NOYES ST,EVANSTON,"(42.058696270445495, -87.69407153634783)"
48812,18004081,Wed,05/16/2018 12:00:00 AM,315,35,Male,White,,On View,Personal (Hands/Fist/Feet),1600,RIDGE AV,EVANSTON,"(42.04780841698017, -87.68875169796348)"
48813,18004049,Mon,05/14/2018 12:00:00 AM,1710,31,Male,Black,,On View,None,600,DODGE AV,EVANSTON,"(42.02933601696403, -87.6993981690666)"
48814,18004078,Tue,05/15/2018 12:00:00 AM,2353,21,Female,White,,Taken into Custody,,2000,GREEN BAY RD,EVANSTON,"(42.05489847420959, -87.69097062478913)"
48817,18003664,Tue,05/15/2018 12:00:00 AM,1600,51,Female,Asian,Not Hispanic,Taken into Custody,,2800,CENTRAL ST,EVANSTON,"(42.06445476387036, -87.71375009488013)"
48820,18004121,Thu,05/17/2018 12:00:00 AM,1232,39,Male,White,,Taken into Custody,None,1100,SHERMAN AV,EVANSTON,"(42.03847903066204, -87.6821138863798)"
48821,18004144,Thu,05/17/2018 12:00:00 AM,2155,32,Female,Black,,Taken into Custody,None,7700,N SHERIDAN,CHICAGO,
48827,18004205,Sat,05/19/2018 12:00:00 AM,1908,53,Male,White,,On View,None,1200,CHICAGO AV,EVANSTON,"(42.040224256269894, -87.68053254291043)"
48835,18004127,Fri,05/18/2018 12:00:00 AM,652,46,Male,White,,On View,,1000,WASHINGTON ST,EVANSTON,"(42.03281116006678, -87.68607748467178)"
48838,18004217,Sun,05/20/2018 12:00:00 AM,248,28,Male,Black,,Warrant,None,1200,LEE ST,EVANSTON,"(42.03587053491402, -87.68924195794646)"
48839,18004218,Sun,05/20/2018 12:00:00 AM,249,28,Male,Black,,Warrant,None,1200,LEE ST,EVANSTON,"(42.03587053491402, -87.68924195794646)"
48840,18004216,Sun,05/20/2018 12:00:00 AM,243,28,Male,Black,,Warrant,None,1200,LEE ST,EVANSTON,"(42.03587053491402, -87.68924195794646)"
48842,18004103,Wed,05/16/2018 12:00:00 AM,1545,19,Male,White,,Taken into Custody,None,500,RIDGE AV/OAKTON ST,EVANSTON,"(42.02772575265197, -87.68557833159807)"
48844,18004293,Tue,05/22/2018 12:00:00 AM,1106,28,Male,Black,Not Hispanic,Taken into Custody,None,300,CHICAGO AV,EVANSTON,"(42.02481706824564, -87.67764492670258)"
48851,18004388,Thu,05/24/2018 12:00:00 AM,1159,32,Male,Black,,Taken into Custody,,1900,CHURCH ST,EVANSTON,"(42.04836647094488, -87.6998741615417)"
48852,18004415,Fri,05/25/2018 12:00:00 AM,152,29,Male,Black,Not Hispanic,On View,None,2600,MCCORMICK BL/EMERSON ST,EVANSTON,
48856,18004445,Fri,05/25/2018 12:00:00 AM,2214,21,Female,White,,,None,2000,DEMPSTER ST,EVANSTON,"(42.04108163423212, -87.70160948652928)"
48864,18004530,Mon,05/28/2018 12:00:00 AM,1333,17,Female,Black,Not Hispanic,On View,Personal (Hands/Fist/Feet),7500,RIDGE,CHICAGO,
48865,18004539,Mon,05/28/2018 12:00:00 AM,2154,24,Female,Black,,On View,Firearm,800,MAIN ST,EVANSTON,"(42.033973044559254, -87.68311829361167)"
48866,18004540,Mon,05/28/2018 12:00:00 AM,2315,22,Male,Black,,Taken into Custody,Handgun,800,HINMAN AV,EVANSTON,"(42.03302178024184, -87.67754694450329)"
48867,18004543,Tue,05/29/2018 12:00:00 AM,1300,22,Male,Black,,Warrant,Handgun,1500,ELMWOOD AV,EVANSTON,"(42.0460107307921, -87.68378492477495)"
48868,18004549,Tue,05/29/2018 12:00:00 AM,515,61,Male,Black,,Taken into Custody,None,1100,HULL TER,EVANSTON,"(42.02455039419756, -87.68781678204928)"
48871,18004531,Tue,05/29/2018 12:00:00 AM,1242,27,Male,Black,Unknown,Taken into Custody,,1500,ELMWOOD AV,EVANSTON,"(42.0460107307921, -87.68378492477495)"
48872,18004552,Tue,05/29/2018 12:00:00 AM,1101,31,Male,White,,,None,1000,MAIN ST,EVANSTON,"(42.033994623644595, -87.68599070110373)"
48873,18004606,Wed,05/30/2018 12:00:00 AM,1712,29,Male,Black,,On View,None,1400,ASBURY AV/GREENWOOD ST,EVANSTON,"(42.04385031640285, -87.69021295170892)"
48876,18004586,Wed,05/30/2018 12:00:00 AM,723,19,Male,Black,,Taken into Custody,None,100,ELMWOOD AV,EVANSTON,"(42.02035004730197, -87.68280278402263)"
48878,18004686,Sat,06/02/2018 12:00:00 AM,546,33,Male,Black,,Taken into Custody,Personal (Hands/Fist/Feet),700,ELMWOOD AV,EVANSTON,"(42.03127051303678, -87.68409923152576)"
48881,18004668,Fri,06/01/2018 12:00:00 AM,1610,32,Male,White,,On View,None,100,SHERIDAN RD,EVANSTON,"(42.02291143477888, -87.66542545295692)"
48883,18004752,Mon,06/04/2018 12:00:00 AM,1125,57,Male,White,,Warrant,None,1800,DARROW AV,EVANSTON,"(42.051167414734834, -87.69738295085926)"
48887,18004819,Tue,06/05/2018 12:00:00 AM,1736,23,Male,Black,,Taken into Custody,None,1800,SEWARD ST,EVANSTON,"(42.02905114362272, -87.6986715341848)"
48889,18004838,Wed,06/06/2018 12:00:00 AM,451,14,Male,Black,,On View,Knife/Cutting Instrument,1900,CHURCH ST,EVANSTON,"(42.04836647094488, -87.6998741615417)"
48890,18004838,Wed,06/06/2018 12:00:00 AM,624,16,Male,Black,,On View,Toy or Fake,1900,CHURCH ST,EVANSTON,"(42.04836647094488, -87.6998741615417)"
48891,18004839,Wed,06/06/2018 12:00:00 AM,407,60,Male,Black,Not Hispanic,On View,None,700,DOBSON ST,EVANSTON,"(42.02031087830594, -87.68162520146467)"
48893,18004818,Tue,06/05/2018 12:00:00 AM,1757,14,Male,Black,Not Hispanic,On View,None,700,DOBSON ST,EVANSTON,"(42.02031087830594, -87.68162520146467)"
48894,18004855,Wed,06/06/2018 12:00:00 AM,1257,26,Male,Black,,Taken into Custody,Personal (Hands/Fist/Feet),400,RIDGE AV,EVANSTON,"(42.025837474313164, -87.68535997696793)"
48899,18004850,Wed,06/06/2018 12:00:00 AM,1113,40,Male,Black,,Taken into Custody,Handgun,2000,WESLEY AV,EVANSTON,"(42.05441306526769, -87.69143187091947)"
48900,18004864,Wed,06/06/2018 12:00:00 AM,2154,25,Male,Black,,Taken into Custody,Handgun,600,HOWARD ST,EVANSTON,"(42.01943463768282, -87.6792278341139)"
48901,18004902,Thu,06/07/2018 12:00:00 AM,2245,27,Male,Black,,On View,Handgun,1800,DODGE AV,EVANSTON,"(42.05114176963687, -87.69892982091864)"
48902,18004907,Thu,06/07/2018 12:00:00 AM,2053,28,Male,Black,,On View,None,2000,WARREN ST,EVANSTON,"(42.0274753778505, -87.70169289331703)"
48907,18004948,Sat,06/09/2018 12:00:00 AM,322,71,Male,White,,On View,None,1700,OAK AV,EVANSTON,"(42.04921917600991, -87.68678563450567)"
48909,18004977,Sat,06/09/2018 12:00:00 AM,1249,28,Male,Black,,On View,Other,300,DEMPSTER ST,EVANSTON,"(42.04113399295212, -87.67593438955272)"
48910,18005001,Sun,06/10/2018 12:00:00 AM,510,23,Male,Black,,On View,None,2000,LAKE ST,EVANSTON,"(42.044160472009715, -87.7014094664731)"
48911,18005012,Sun,06/10/2018 12:00:00 AM,1533,32,Male,Black,,Taken into Custody,Handgun,1500,DARROW AV,EVANSTON,"(42.045184939202784, -87.69773239346296)"
48912,18004766,Thu,06/07/2018 12:00:00 AM,1538,32,Male,White,,,,2100,HOWARD ST/GREY AV,EVANSTON,"(42.01925234323605, -87.70312549977172)"
48913,18004885,Thu,06/07/2018 12:00:00 AM,1259,31,Male,Black,Not Hispanic,,None,3200,SIMPSON ST,,"(42.055290258967204, -87.72458901347659)"
48915,18005040,Mon,06/11/2018 12:00:00 AM,1659,57,Male,White,,Taken into Custody,,500,MAIN ST,EVANSTON,"(42.033935841279025, -87.67853868568051)"
48916,18005048,Mon,06/11/2018 12:00:00 AM,2135,33,Male,White,,Taken into Custody,None,1900,CRAIN ST/DODGE AV,EVANSTON,
48918,18005082,Tue,06/12/2018 12:00:00 AM,1936,22,Male,White,,Taken into Custody,,7500,RIDGE,CHICAGO,
48919,18005083,Tue,06/12/2018 12:00:00 AM,1936,22,Male,White,,Taken into Custody,None,7500,RIDGE,CHICAGO,
48932,18005181,Fri,06/15/2018 12:00:00 AM,1828,51,Male,Black,,On View,None,2400,MAIN ST,EVANSTON,"(42.033695899617555, -87.70787166189695)"
48934,18005238,Sun,06/17/2018 12:00:00 AM,2247,38,Male,Black,,Taken into Custody,None,900,CHICAGO AV,EVANSTON,"(42.03481295340718, -87.67955038740563)"
48935,18005129,Thu,06/14/2018 12:00:00 AM,1027,36,Female,Black,,,,1700,MAPLE AV,EVANSTON,"(42.049245869685386, -87.68479294319997)"
48936,18005204,Sat,06/16/2018 12:00:00 AM,1908,30,Male,White,,Taken into Custody,None,2100,SHERIDAN RD/NORTHWESTERN PL,EVANSTON,
48937,18005124,Thu,06/14/2018 12:00:00 AM,902,32,Female,White,,,None,1800,OAKTON ST,EVANSTON,"(42.02661419433206, -87.69867900185767)"
48941,18005264,Mon,06/18/2018 12:00:00 AM,1734,16,Female,Black,Not Hispanic,Taken into Custody,Personal (Hands/Fist/Feet),2400,BRADLEY PL,EVANSTON,"(42.034617897117364, -87.70784859658444)"
48944,18005307,Wed,06/20/2018 12:00:00 AM,114,34,Female,White,,Taken into Custody,None,600,MADISON ST,EVANSTON,"(42.03168571465273, -87.67961042845852)"
48946,18005297,Tue,06/19/2018 12:00:00 AM,1934,36,Male,White,Unknown,Warrant,None,7600,N SHERIDAN,CHICAGO,
48948,18005344,Wed,06/20/2018 12:00:00 AM,2210,27,Female,Black,,Taken into Custody,Personal (Hands/Fist/Feet),600,HULL TER,EVANSTON,"(42.02476670271901, -87.67938653120645)"
48949,18005344,Wed,06/20/2018 12:00:00 AM,2200,31,Male,Black,,Taken into Custody,Personal (Hands/Fist/Feet),600,HULL TER,EVANSTON,"(42.02476670271901, -87.67938653120645)"
48959,18005463,Mon,06/25/2018 12:00:00 AM,615,16,Male,Black,Not Hispanic,Warrant,None,100,CLYDE AV,EVANSTON,"(42.02031106860345, -87.67799678275345)"
48964,18005485,Mon,06/25/2018 12:00:00 AM,1930,21,Male,,,Taken into Custody,None,2000,MAIN ST/BROWN AV,EVANSTON,"(42.03382829574819, -87.70163577683604)"
48965,18005495,Tue,06/26/2018 12:00:00 AM,120,18,Male,,,Taken into Custody,,2400,PRAIRIE AV,EVANSTON,"(42.06184410504257, -87.69882766617769)"
48969,18005497,Tue,06/26/2018 12:00:00 AM,313,36,Male,Black,,On View,Blunt Objects,8800,GROSS POINT RD,SKOKIE,
48975,18005592,Thu,06/28/2018 12:00:00 AM,251,23,Male,Black,,On View,Handgun,500,SHERIDAN RD,EVANSTON,"(42.02751784999248, -87.67063843293887)"
48980,18005632,Fri,06/29/2018 12:00:00 AM,214,34,Male,White,Not Hispanic,Taken into Custody,None,800,MULFORD ST,EVANSTON,"(42.023007628858444, -87.68390397321157)"
48982,18005666,Fri,06/29/2018 12:00:00 AM,2348,18,Male,Black,,On View,None,2000,DODGE AV,EVANSTON,"(42.054731556444544, -87.69886154289249)"
48990,18005758,Mon,07/02/2018 12:00:00 AM,1842,23,Male,Black,Not Hispanic,On View,None,1700,SHERMAN AV,EVANSTON,"(42.04920651811222, -87.68181463142957)"
48991,18005767,Tue,07/03/2018 12:00:00 AM,210,37,Male,Black,,On View,Personal (Hands/Fist/Feet),2100,EMERSON ST,EVANSTON,"(42.05201148836223, -87.70279646091957)"
48996,18005744,Mon,07/02/2018 12:00:00 AM,1529,31,Male,White,,,,300,DODGE AV,EVANSTON,"(42.023906632823035, -87.69950763066183)"
49003,18005627,Thu,06/28/2018 12:00:00 AM,2345,33,Female,Black,,,,1200,OAKTON ST,EVANSTON,"(42.02673217828169, -87.68930098782359)"
49004,18005859,Thu,07/05/2018 12:00:00 AM,1449,41,Male,White,,Taken into Custody,None,500,SHERIDAN RD,EVANSTON,"(42.02751784999248, -87.67063843293887)"
49010,18005883,Fri,07/06/2018 12:00:00 AM,1315,34,Male,White,,On View,Personal (Hands/Fist/Feet),1600,MAPLE AV,EVANSTON,"(42.047787847667465, -87.68513087112919)"
49011,18005919,Sat,07/07/2018 12:00:00 AM,2234,27,Female,Black,,On View,,2100,WESLEY AV,EVANSTON,"(42.05674100040708, -87.6908475358315)"
49014,18005919,Sat,07/07/2018 12:00:00 AM,1659,16,Male,White,,On View,Handgun,2100,WESLEY AV,EVANSTON,"(42.05674100040708, -87.6908475358315)"
49022,18006053,Tue,07/10/2018 12:00:00 AM,2330,21,Male,Asian,Not Hispanic,Taken into Custody,None,3800,OAKTON,SKOKIE,
49024,18006135,Fri,07/13/2018 12:00:00 AM,220,20,Female,Black,Not Hispanic,On View,Personal (Hands/Fist/Feet),1300,FOWLER AV,EVANSTON,"(42.04180028797089, -87.70689243397696)"
49027,18006173,Fri,07/13/2018 12:00:00 AM,2330,18,Male,Black,,On View,,2000,DODGE AV,EVANSTON,"(42.054731556444544, -87.69886154289249)"
49028,18006173,Fri,07/13/2018 12:00:00 AM,2330,20,Male,Asian,,On View,Handgun,2000,DODGE AV,EVANSTON,"(42.054731556444544, -87.69886154289249)"
49029,18006197,Sat,07/14/2018 12:00:00 AM,1657,52,Male,Black,Not Hispanic,On View,Knife/Cutting Instrument,2300,DEMPSTER ST,EVANSTON,"(42.041000909335246, -87.70613404194994)"
49030,18006212,Sat,07/14/2018 12:00:00 AM,2207,28,Male,Black,,Taken into Custody,Personal (Hands/Fist/Feet),100,CUSTER AV,EVANSTON,"(42.02032946657181, -87.68044005876548)"
49035,18006250,Sun,07/15/2018 12:00:00 AM,2108,46,Male,White,,On View,None,7500,N CLARK,CHICAGO,
49036,18006220,Sun,07/15/2018 12:00:00 AM,137,28,Male,Black,,Taken into Custody,,600,OAKTON ST,EVANSTON,"(42.02656649316759, -87.67962399169956)"
49037,18006259,Mon,07/16/2018 12:00:00 AM,1056,43,Male,White,,,None,2100,FOSTER ST/GREY AV,EVANSTON,"(42.05375641605591, -87.70276029185531)"
49040,18006249,Sun,07/15/2018 12:00:00 AM,2154,14,Male,Black,,On View,Toy or Fake,1900,EMERSON ST,EVANSTON,"(42.05206625821078, -87.69968543110309)"
49042,18006327,Tue,07/17/2018 12:00:00 AM,2115,33,Female,Asian,,,None,1700,MAPLE AV,EVANSTON,"(42.049245869685386, -87.68479294319997)"
49058,18006523,Mon,07/23/2018 12:00:00 AM,1842,56,Male,Black,Not Hispanic,Taken into Custody,None,3300,HOWARD ST,SKOKIE,
49059,18006522,Mon,07/23/2018 12:00:00 AM,2105,47,Male,White,,Taken into Custody,None,500,ASBURY AV/OAKTON ST,EVANSTON,"(42.02767323853752, -87.69006331932195)"
49067,18006634,Fri,07/27/2018 12:00:00 AM,509,34,Male,Black,,Taken into Custody,None,2000,OAKTON ST,EVANSTON,"(42.02654598740489, -87.70172819948571)"
49069,18006635,Fri,07/27/2018 12:00:00 AM,531,27,Male,White,,Taken into Custody,Personal (Hands/Fist/Feet),1700,CHURCH ST,EVANSTON,"(42.048416275342845, -87.69696034187463)"
49071,18002874,Fri,07/27/2018 12:00:00 AM,1603,27,Male,Black,Not Hispanic,Warrant,None,1400,W. 63RD ST.,CHICAGO,
49072,18006674,Sat,07/28/2018 12:00:00 AM,50,42,Female,Black,,On View,None,1300,GREENLEAF ST/ASBURY AV,EVANSTON,"(42.037644871033976, -87.69066203795053)"
49073,18006671,Fri,07/27/2018 12:00:00 AM,2202,25,Male,Black,Not Hispanic,On View,Handgun,300,RIDGE AV,EVANSTON,"(42.02401145074866, -87.68515036476056)"
49074,18006676,Sat,07/28/2018 12:00:00 AM,350,58,Male,Black,,Warrant,None,1900,DEMPSTER ST,EVANSTON,"(42.04110795331242, -87.70005506348431)"
49075,18006696,Sat,07/28/2018 12:00:00 AM,2037,27,Male,Black,,On View,,1200,SOUTH BLVD,,"(42.02780049432733, -87.6892830781476)"
49076,18000656,Fri,07/27/2018 12:00:00 AM,1733,28,Male,Black,Not Hispanic,Taken into Custody,Personal (Hands/Fist/Feet),2700,S. CALIFORNIA AVE.,CHICAGO,
49077,18006662,Fri,07/27/2018 12:00:00 AM,1809,51,Male,Black,,Warrant,None,800,DOBSON ST,EVANSTON,"(42.020331193941615, -87.68377415394069)"
49082,18006742,Mon,07/30/2018 12:00:00 AM,2122,28,Male,Black,Not Hispanic,On View,None,1700,DODGE AV,EVANSTON,"(42.04929182705542, -87.69896474149739)"
49086,18006759,Tue,07/31/2018 12:00:00 AM,1008,47,Female,Black,,Taken into Custody,None,1500,ELMWOOD AV,EVANSTON,"(42.0460107307921, -87.68378492477495)"
49100,18006941,Sat,08/04/2018 12:00:00 AM,2255,66,Male,Black,,On View,,1600,DAVIS ST,EVANSTON,"(42.04710755836723, -87.69570278128349)"
49101,18006910,Sat,08/04/2018 12:00:00 AM,618,28,Male,Black,,On View,None,2100,RIDGE AV,EVANSTON,"(42.05662752989185, -87.68660651154242)"
49102,18006915,Sat,08/04/2018 12:00:00 AM,1013,33,Female,White,,Warrant,None,1700,SHERMAN AV,EVANSTON,"(42.04920651811222, -87.68181463142957)"
49108,18006987,Mon,08/06/2018 12:00:00 AM,1915,75,Female,White,,Taken into Custody,None,1400,DODGE AV,EVANSTON,"(42.04374063723177, -87.69908672170615)"
49112,18007089,Thu,08/09/2018 12:00:00 AM,1114,42,Male,White,,On View,None,2400,GREENWOOD ST/FOWLER AV,EVANSTON,"(42.04259029228096, -87.70763352180897)"
49113,18007094,Thu,08/09/2018 12:00:00 AM,1314,47,Female,Black,Not Hispanic,Taken into Custody,None,100,ASBURY AV,EVANSTON,"(42.02053223313827, -87.69015316502616)"
49117,18007086,Thu,08/09/2018 12:00:00 AM,1247,24,Female,White,,,None,1000,RIDGE AV,EVANSTON,"(42.03674324332717, -87.68737879098597)"
49118,18007111,Thu,08/09/2018 12:00:00 AM,1923,20,Female,White,,Taken into Custody,,1700,OAKTON ST,EVANSTON,"(42.0266382927869, -87.69711744632507)"
49119,18007133,Fri,08/10/2018 12:00:00 AM,1834,37,Female,Black,,Taken into Custody,None,1100,CHICAGO AV,EVANSTON,"(42.03841094441211, -87.68025391495762)"
49120,18007191,Sun,08/12/2018 12:00:00 AM,2334,54,Female,White,,Taken into Custody,None,1800,MAPLE AV,EVANSTON,"(42.05105840537129, -87.68475574311886)"
49121,18007197,Mon,08/13/2018 12:00:00 AM,324,20,Male,White,,Taken into Custody,None,1900,DEMPSTER ST,EVANSTON,"(42.04110795331242, -87.70005506348431)"
49123,18007119,Fri,08/10/2018 12:00:00 AM,922,38,Male,White,,Taken into Custody,None,2100,GREENWOOD AV,WILMETTE,"(42.04265545859732, -87.702992581756)"
49124,18007145,Sat,08/11/2018 12:00:00 AM,143,17,Male,White,,On View,None,500,CHICAGO AV/SOUTH BL,EVANSTON,"(42.028031071361845, -87.67826620471263)"
49125,18007164,Sat,08/11/2018 12:00:00 AM,2040,48,Male,White,,Taken into Custody,None,3400,HOWARD,SKOKIE,
49128,18007199,Mon,08/13/2018 12:00:00 AM,722,38,Male,Black,,Taken into Custody,None,600,OAKTON ST,EVANSTON,"(42.02656649316759, -87.67962399169956)"
49132,18007257,Tue,08/14/2018 12:00:00 AM,1758,63,Male,White,,On View,,400,SHERMAN AV,EVANSTON,"(42.02573232859534, -87.68232453754052)"
49134,18007291,Wed,08/15/2018 12:00:00 AM,1754,29,Male,Black,,On View,Personal (Hands/Fist/Feet),400,RIDGE AV,EVANSTON,"(42.025837474313164, -87.68535997696793)"
49145,18007348,Fri,08/17/2018 12:00:00 AM,1445,23,Female,Black,,On View,Handgun,1600,W HOWARD,CHICAGO,"(42.019412263308396, -87.69566364228403)"
49150,18007201,Mon,08/13/2018 12:00:00 AM,821,27,Male,White,,On View,None,1200,RIDGE AV,EVANSTON,"(42.040360670285175, -87.68817431997114)"
49159,18007477,Tue,08/21/2018 12:00:00 AM,1916,30,Male,Black,,,,800,DAVIS ST,EVANSTON,"(42.04696657437724, -87.68263203697478)"
49171,18007635,Sun,08/26/2018 12:00:00 AM,2135,21,Female,White,,Taken into Custody,,1200,LEE ST,EVANSTON,"(42.03587053491402, -87.68924195794646)"
49174,18007661,Mon,08/27/2018 12:00:00 AM,1334,34,Male,White,,,None,1800,RIDGE AV,EVANSTON,"(42.05134554920172, -87.68813625358497)"
49182,18007573,Fri,08/24/2018 12:00:00 AM,1450,58,Male,Asian,,Taken into Custody,None,1800,DARROW AV,EVANSTON,"(42.051167414734834, -87.69738295085926)"
49183,18001406,Tue,08/28/2018 12:00:00 AM,2223,18,Male,White,Not Hispanic,Taken into Custody,None,500,CUSTER AV,EVANSTON,"(42.02756801144062, -87.68037978168151)"
49184,18001461,Tue,08/28/2018 12:00:00 AM,2234,18,Male,White,Not Hispanic,Taken into Custody,None,500,CUSTER AV,EVANSTON,"(42.02756801144062, -87.68037978168151)"
49185,18007732,Wed,08/29/2018 12:00:00 AM,1650,33,Male,White,,Taken into Custody,None,1600,DEMPSTER ST,EVANSTON,"(42.04118967027743, -87.6952861115323)"
49186,18007708,Tue,08/28/2018 12:00:00 AM,2019,49,Male,Black,Not Hispanic,Taken into Custody,,100,CUSTER AV,EVANSTON,"(42.02032946657181, -87.68044005876548)"
49187,18002996,Wed,08/29/2018 12:00:00 AM,1230,56,Male,Black,,Taken into Custody,None,2700,S. CALIFORNIA,CHICAGO,
49188,18002997,Wed,08/29/2018 12:00:00 AM,2104,56,Male,Black,,Taken into Custody,None,2700,S. CALIFORNIA,CHICAGO,
49189,18007739,Wed,08/29/2018 12:00:00 AM,2315,27,Male,Black,Not Hispanic,Taken into Custody,None,6500,N CLARK ST,CHICAGO,
49190,18005864,Thu,08/30/2018 12:00:00 AM,1759,20,Male,Black,Not Hispanic,Taken into Custody,None,200,RICHMOND AV,EVANSTON,"(42.021718615847846, -87.70307327546638)"
49191,18007758,Thu,08/30/2018 12:00:00 AM,1749,20,Male,Black,Not Hispanic,Warrant,None,200,RICHMOND AV,EVANSTON,"(42.021718615847846, -87.70307327546638)"
49192,18007764,Thu,08/30/2018 12:00:00 AM,1723,24,Male,Black,,Taken into Custody,None,1900,GREEN BAY RD,EVANSTON,"(42.0530940049027, -87.68957036365988)"
49197,18007831,Sat,09/01/2018 12:00:00 AM,2106,18,Male,Black,Not Hispanic,Taken into Custody,Personal (Hands/Fist/Feet),2300,GRANT ST,EVANSTON,"(42.05913803102394, -87.70573768663243)"
49198,18007839,Sun,09/02/2018 12:00:00 AM,1015,32,Male,White,,On View,,1400,MAPLE AV,EVANSTON,"(42.04356645984521, -87.6850639633698)"
49201,18007789,Fri,08/31/2018 12:00:00 AM,1250,18,Male,Black,Not Hispanic,,None,1800,RIDGE AV,EVANSTON,"(42.05134554920172, -87.68813625358497)"
49204,18007825,Sat,09/01/2018 12:00:00 AM,1631,47,Female,White,Not Hispanic,Taken into Custody,None,800,WASHINGTON ST,EVANSTON,"(42.032784376423855, -87.68313451353245)"
49205,18007885,Tue,09/04/2018 12:00:00 AM,805,63,Male,Black,,Taken into Custody,None,2400,DAVIS ST,EVANSTON,"(42.04642052197887, -87.70756567644095)"
49207,18007894,Tue,09/04/2018 12:00:00 AM,1615,28,Male,Black,,Taken into Custody,Handgun,1500,FOWLER AV,EVANSTON,"(42.04553944737038, -87.7068166759035)"
49209,18007808,Tue,09/04/2018 12:00:00 AM,1356,17,Male,Black,Not Hispanic,Taken into Custody,None,1500,ELMWOOD AV,EVANSTON,"(42.0460107307921, -87.68378492477495)"
49213,18007954,Thu,09/06/2018 12:00:00 AM,1059,50,Male,Black,,Taken into Custody,None,1900,GREEN BAY RD,EVANSTON,"(42.0530940049027, -87.68957036365988)"
49215,18007980,Fri,09/07/2018 12:00:00 AM,414,31,Male,Black,,On View,Handgun,1600,MCCORMICK BL/GREEN BAY RD,EVANSTON,"(42.05952247382755, -87.69538050118778)"
49224,18007950,Thu,09/06/2018 12:00:00 AM,1003,21,Female,White,,,None,900,GREENLEAF ST,EVANSTON,"(42.037605911265196, -87.68441268747478)"
49230,18007910,Mon,09/03/2018 12:00:00 AM,2222,22,Male,White,,Warrant,None,0,S. COUNTY ST.,WAUKEGAN,
49233,18008111,Tue,09/11/2018 12:00:00 AM,1022,21,Female,Black,,Taken into Custody,,1100,EMERSON ST,EVANSTON,"(42.052146072952034, -87.68720200803584)"
49235,18008083,Mon,09/10/2018 12:00:00 AM,1024,33,Male,White,,On View,,1000,HOWARD ST,EVANSTON,"(42.01950824721509, -87.68645463516181)"
49239,18008145,Wed,09/12/2018 12:00:00 AM,1343,38,Male,Black,Not Hispanic,Taken into Custody,None,1800,DEMPSTER ST,EVANSTON,"(42.041137557693055, -87.69836969844225)"
49245,18008170,Thu,09/13/2018 12:00:00 AM,2043,38,Male,Black,,Taken into Custody,Sharp Object,800,SHERMAN AV,EVANSTON,"(42.033048837837875, -87.68219518238374)"
49254,18008213,Fri,09/14/2018 12:00:00 AM,842,36,Male,Black,,Taken into Custody,None,500,CUSTER AV,EVANSTON,"(42.02756801144062, -87.68037978168151)"
49255,18008212,Fri,09/14/2018 12:00:00 AM,1115,31,Male,Unknown,,On View,Knife/Cutting Instrument,900,DAVIS ST,EVANSTON,"(42.04703835181902, -87.68421432837464)"
49256,18004670,Fri,09/14/2018 12:00:00 AM,1908,22,Male,Unknown,,Taken into Custody,None,700,MONROE ST,EVANSTON,"(42.03078440751763, -87.6812754163705)"
49258,18008232,Fri,09/14/2018 12:00:00 AM,1823,21,Female,White,,Taken into Custody,None,2200,HOWARD ST,EVANSTON,"(42.019211376364495, -87.705482830181)"
49259,18007063,Fri,09/14/2018 12:00:00 AM,1330,16,Male,Black,,Taken into Custody,,1500,ELMWOOD AV,EVANSTON,"(42.0460107307921, -87.68378492477495)"
49260,18008239,Fri,09/14/2018 12:00:00 AM,2234,29,Female,Black,,Taken into Custody,None,1800,LEMAR AV,EVANSTON,"(42.05101349557793, -87.70602177510033)"
49262,18008244,Fri,09/14/2018 12:00:00 AM,2340,20,Male,Black,,Taken into Custody,None,500,WESLEY AV,EVANSTON,"(42.02762949533659, -87.69241406787091)"
49264,18008232,Fri,09/14/2018 12:00:00 AM,1831,22,Male,White,,Taken into Custody,None,2200,HOWARD ST,EVANSTON,"(42.019211376364495, -87.705482830181)"
49265,18008237,Fri,09/14/2018 12:00:00 AM,1942,63,Female,White,,Taken into Custody,,400,RIDGE AV,EVANSTON,"(42.025837474313164, -87.68535997696793)"
49266,18008331,Mon,09/17/2018 12:00:00 AM,1641,48,Female,White,,Taken into Custody,None,3300,HARTZELL ST,EVANSTON,"(42.065515260029855, -87.72626851879919)"
49267,18008340,Mon,09/17/2018 12:00:00 AM,2022,33,Male,Black,,On View,Personal (Hands/Fist/Feet),1800,MONROE ST,EVANSTON,"(42.030724747746106, -87.69860566920913)"
49274,18008427,Wed,09/19/2018 12:00:00 AM,2237,27,Female,White,,On View,,1400,WASHINGTON ST,EVANSTON,"(42.03279676752035, -87.69236699228173)"
49276,18008301,Mon,09/17/2018 12:00:00 AM,20,32,Male,Black,,Taken into Custody,None,1000,OAKTON ST/RIDGE AV,EVANSTON,"(42.02669984487746, -87.6862621224658)"
49279,18008431,Thu,09/20/2018 12:00:00 AM,925,31,Male,White,,Taken into Custody,None,900,DAVIS ST,EVANSTON,"(42.04703835181902, -87.68421432837464)"
49280,18008515,Sat,09/22/2018 12:00:00 AM,1410,36,Female,Black,,On View,Knife/Cutting Instrument,300,DEMPSTER ST,EVANSTON,"(42.04113399295212, -87.67593438955272)"
49281,18008371,Tue,09/18/2018 12:00:00 AM,1525,20,Male,Black,,Warrant,,1000,WASHINGTON ST,EVANSTON,"(42.03281116006678, -87.68607748467178)"
49284,18008340,Tue,09/18/2018 12:00:00 AM,1715,33,Male,Black,,On View,Personal (Hands/Fist/Feet),1800,MONROE ST,EVANSTON,"(42.030724747746106, -87.69860566920913)"
49285,18008458,Fri,09/21/2018 12:00:00 AM,1317,48,Male,Black,Not Hispanic,Taken into Custody,None,400,RIDGE AV,EVANSTON,"(42.025837474313164, -87.68535997696793)"
49286,18008420,Fri,09/21/2018 12:00:00 AM,1602,39,Male,White,,Taken into Custody,Personal (Hands/Fist/Feet),1500,ELMWOOD AV,EVANSTON,"(42.0460107307921, -87.68378492477495)"
49287,18008471,Fri,09/21/2018 12:00:00 AM,1027,29,Male,Black,,,None,,RIDGE AV/AUSTIN ST,EVANSTON,
49288,18008494,Fri,09/21/2018 12:00:00 AM,2045,53,Male,Black,,Warrant,,1100,PITNER AV,EVANSTON,"(42.03829010417681, -87.7054265186448)"
49289,18008495,Fri,09/21/2018 12:00:00 AM,2053,25,Female,Black,,Taken into Custody,Personal (Hands/Fist/Feet),1900,DARROW AV,EVANSTON,"(42.052982334727446, -87.69734651386223)"
49290,18008551,Sun,09/23/2018 12:00:00 AM,1925,27,Male,Black,,On View,None,1000,MAPLE AV,EVANSTON,"(42.036718208716316, -87.68517503176102)"
49291,18008502,Sat,09/22/2018 12:00:00 AM,300,25,Male,White,,On View,None,1800,DEMPSTER ST,EVANSTON,"(42.041137557693055, -87.69836969844225)"
49292,18008546,Sun,09/23/2018 12:00:00 AM,1706,41,Male,Black,,Taken into Custody,None,1500,LYONS ST/ASHLAND AV,EVANSTON,"(42.05027643545345, -87.69393174133684)"
49293,18008560,Mon,09/24/2018 12:00:00 AM,204,28,Male,White,,On View,Personal (Hands/Fist/Feet),900,JUDSON AV,EVANSTON,"(42.03478044184072, -87.67617327315669)"
49294,18008464,Fri,09/21/2018 12:00:00 AM,409,35,Male,White,,Taken into Custody,None,,SHERIDAN / JUNEWAY,CHICAGO,
49295,18008532,Sun,09/23/2018 12:00:00 AM,56,19,Male,White,,On View,None,100,RIDGE AV,EVANSTON,"(42.020371528436314, -87.68474597263067)"
49296,18008528,Sat,09/22/2018 12:00:00 AM,2237,30,Male,White,,Taken into Custody,,1000,CHURCH ST,EVANSTON,"(42.04849683927903, -87.68581028225506)"
49297,18008557,Sun,09/23/2018 12:00:00 AM,2140,30,Male,White,Not Hispanic,Warrant,None,100,CALLAN AV,EVANSTON,"(42.02031892581231, -87.6792164114233)"
49299,18008594,Mon,09/24/2018 12:00:00 AM,2339,20,Male,White,,Taken into Custody,,1700,SHERMAN AV,EVANSTON,"(42.04920651811222, -87.68181463142957)"
49300,18005650,Mon,09/24/2018 12:00:00 AM,2017,23,Male,Black,,Taken into Custody,None,3300,GOLF RD,SKOKIE,
49303,18008593,Mon,09/24/2018 12:00:00 AM,2142,17,Male,Black,Not Hispanic,Taken into Custody,None,1700,SHERMAN AV,EVANSTON,"(42.04920651811222, -87.68181463142957)"
49304,18008254,Mon,09/24/2018 12:00:00 AM,2212,17,Male,Black,Not Hispanic,On View,None,1700,SHERMAN AV,EVANSTON,"(42.04920651811222, -87.68181463142957)"
49305,18008602,Tue,09/25/2018 12:00:00 AM,958,21,Male,Black,Not Hispanic,Taken into Custody,Blunt Objects,2100,DARROW AV,EVANSTON,"(42.05627801141634, -87.69728128136214)"
49307,18004277,Tue,09/25/2018 12:00:00 AM,1518,31,Male,Black,,Taken into Custody,None,1800,HOWARD ST,EVANSTON,"(42.01934340067625, -87.69886437507385)"
49308,18008647,Wed,09/26/2018 12:00:00 AM,931,49,Female,White,,Taken into Custody,,600,HULL TERRACE,,"(42.02476670271901, -87.67938653120645)"
49309,18008600,Tue,09/25/2018 12:00:00 AM,1236,41,Female,White,Not Hispanic,Taken into Custody,None,300,DODGE AV,EVANSTON,"(42.023906632823035, -87.69950763066183)"
49310,18008700,Thu,09/27/2018 12:00:00 AM,2135,24,Male,Black,,Taken into Custody,Other,600,WESLEY AV,EVANSTON,"(42.02944982806039, -87.69237338515704)"
49311,18006109,Tue,09/25/2018 12:00:00 AM,1436,39,Male,White,,Taken into Custody,,1500,ELMWOOD AV,EVANSTON,"(42.0460107307921, -87.68378492477495)"
49322,18008793,Sun,09/30/2018 12:00:00 AM,1524,18,Female,Black,,On View,None,3300,DEMPSTER ST,SKOKIE,
49323,18008775,Sat,09/29/2018 12:00:00 AM,1921,24,Male,Black,,On View,None,1700,CHICAGO AV,EVANSTON,"(42.048594973394934, -87.67850230067484)"
49331,18008868,Wed,10/03/2018 12:00:00 AM,931,26,Female,White,,Taken into Custody,,200,ASBURY AV,EVANSTON,"(42.022339108703086, -87.69013374998)"
49334,18008898,Wed,10/03/2018 12:00:00 AM,1946,61,Male,Black,Not Hispanic,Taken into Custody,None,2000,OAKTON ST,EVANSTON,"(42.02654598740489, -87.70172819948571)"
49337,18008948,Thu,10/04/2018 12:00:00 AM,1755,35,Male,Black,,Taken into Custody,None,1700,ORRINGTON AV,EVANSTON,"(42.04911412362465, -87.68035607867104)"
49339,18006526,Thu,10/04/2018 12:00:00 AM,2116,30,Male,Black,,On View,None,1400,GREY AV,EVANSTON,"(42.04340827615759, -87.70219689301562)"
49340,18006526,Thu,10/04/2018 12:00:00 AM,1619,31,Male,Black,,On View,None,2300,EMERSON ST,EVANSTON,"(42.05197366619142, -87.70573586402823)"
49344,18007306,Tue,10/02/2018 12:00:00 AM,1958,18,Male,Black,Not Hispanic,Taken into Custody,None,1900,BROWN AV,EVANSTON,"(42.052924098541794, -87.70044544081519)"
49345,18008877,Wed,10/03/2018 12:00:00 AM,1214,19,Male,White,,On View,None,900,RIDGE AV,EVANSTON,"(42.03492726446653, -87.68697048015352)"
49348,18008992,Sat,10/06/2018 12:00:00 AM,245,28,Female,Black,,On View,None,2200,CRAIN ST,EVANSTON,"(42.0392112157721, -87.70474553403818)"
49350,18009016,Sat,10/06/2018 12:00:00 AM,2022,36,Male,Black,,Taken into Custody,None,1600,CHICAGO AV,EVANSTON,"(42.04696509074048, -87.6792851502086)"
49354,18002525,Mon,10/08/2018 12:00:00 AM,1857,30,Male,Black,,Taken into Custody,None,7600,N GREENVIEW,CHICAGO,
49355,18009064,Mon,10/08/2018 12:00:00 AM,1329,26,Male,White,,Warrant,Knife/Cutting Instrument,800,HOWARD ST,EVANSTON,"(42.01947584514666, -87.68372322307525)"
49357,18009059,Mon,10/08/2018 12:00:00 AM,951,26,Male,White,,On View,Knife/Cutting Instrument,800,HOWARD ST,EVANSTON,"(42.01947584514666, -87.68372322307525)"
49358,18008795,Sun,09/30/2018 12:00:00 AM,1616,26,Male,Black,,On View,None,2700,RIDGE AV,EVANSTON,"(42.06747071840131, -87.6829566385919)"
49360,18005553,Tue,10/09/2018 12:00:00 AM,1008,29,Male,Black,,Taken into Custody,None,,5600 OLD ORCHARD RD,SKOKIE,
49364,18008465,Fri,09/21/2018 12:00:00 AM,1,42,Male,Black,,On View,None,1800,FOSTER ST,EVANSTON,"(42.053839504465664, -87.6981035366024)"
49367,18009175,Thu,10/11/2018 12:00:00 AM,2213,71,Female,White,,Taken into Custody,None,400,RIDGE AV,EVANSTON,"(42.025837474313164, -87.68535997696793)"
49370,18009277,Sun,10/14/2018 12:00:00 AM,2138,43,Male,Asian,,Taken into Custody,None,400,ASBURY AV,EVANSTON,"(42.02585323613883, -87.69008895718044)"
49374,18008950,Sun,10/14/2018 12:00:00 AM,1225,38,Male,Black,Not Hispanic,Taken into Custody,None,1400,FLORENCE AV,EVANSTON,"(42.0438191565219, -87.69510723211036)"
49375,18009272,Sun,10/14/2018 12:00:00 AM,1920,56,Female,White,Not Hispanic,Taken into Custody,None,100,RIDGE AV,EVANSTON,"(42.020371528436314, -87.68474597263067)"
49376,18009285,Mon,10/15/2018 12:00:00 AM,901,26,Female,Black,,On View,None,1000,OAKTON ST,EVANSTON,"(42.02669984487746, -87.6862621224658)"
49377,18007773,Mon,10/15/2018 12:00:00 AM,1307,38,Male,Black,Not Hispanic,Taken into Custody,None,1400,FLORENCE AV,EVANSTON,"(42.0438191565219, -87.69510723211036)"
49378,18008950,Mon,10/15/2018 12:00:00 AM,1342,38,Male,Black,Not Hispanic,Warrant,None,1400,FLORENCE AV,EVANSTON,"(42.0438191565219, -87.69510723211036)"
49379,18005864,Mon,10/15/2018 12:00:00 AM,1837,20,Male,Black,Not Hispanic,Taken into Custody,None,200,HARTREY AV,EVANSTON,"(42.02170271033145, -87.70425212304444)"
49380,18004834,Tue,10/16/2018 12:00:00 AM,1600,20,Male,Black,,Taken into Custody,None,1100,DARROW AV,EVANSTON,"(42.03843037754834, -87.69763529613046)"
49381,18009348,Tue,10/16/2018 12:00:00 AM,1700,23,Male,Black,,Taken into Custody,None,800,RIDGE AV/WASHINGTON ST,EVANSTON,"(42.0330979802221, -87.6865565404558)"
49383,18009031,Fri,10/12/2018 12:00:00 AM,1415,51,Male,Black,Not Hispanic,Taken into Custody,,1500,ELMWOOD AV,EVANSTON,"(42.0460107307921, -87.68378492477495)"
49384,18008863,Wed,10/17/2018 12:00:00 AM,1509,44,Male,White,,Taken into Custody,,1500,ELMWOOD AV,EVANSTON,"(42.0460107307921, -87.68378492477495)"
49385,18008859,Wed,10/17/2018 12:00:00 AM,1515,44,Male,White,,Taken into Custody,,1500,ELMWOOD AV,EVANSTON,"(42.0460107307921, -87.68378492477495)"
49386,18004834,Wed,10/17/2018 12:00:00 AM,1010,20,Male,Black,Not Hispanic,Taken into Custody,None,5600,OLD ORCHARD RD,SKOKIE,
49388,18009374,Wed,10/17/2018 12:00:00 AM,1115,60,Male,White,,Taken into Custody,None,7600,N. RIDGE AV,CHICAGOI,
49389,18009387,Wed,10/17/2018 12:00:00 AM,1630,27,Male,Black,,Taken into Custody,None,1900,GREEN BAY RD,EVANSTON,"(42.0530940049027, -87.68957036365988)"
49390,18009388,Wed,10/17/2018 12:00:00 AM,1758,27,Male,Black,,Taken into Custody,None,1900,GREEN BAY RD,EVANSTON,"(42.0530940049027, -87.68957036365988)"
49391,18004901,Thu,10/18/2018 12:00:00 AM,1741,36,Male,White,,Taken into Custody,Pistol Semi-Auto,2800,W. LUNT AVENUE,CHICAGO,
49392,18009421,Thu,10/18/2018 12:00:00 AM,1841,61,Male,Black,,Taken into Custody,Personal (Hands/Fist/Feet),2400,MAIN ST,EVANSTON,"(42.033695899617555, -87.70787166189695)"
49394,18007537,Fri,10/19/2018 12:00:00 AM,1541,34,Male,Black,,Taken into Custody,,2800,W LUNT,CHICAGO,
49395,18009120,Fri,10/19/2018 12:00:00 AM,1218,30,Female,Black,,On View,None,2400,LAKE ST,EVANSTON,"(42.044059296682015, -87.70759487157017)"
49396,18008786,Sat,10/20/2018 12:00:00 AM,1805,20,Male,White,Not Hispanic,Taken into Custody,None,1600,SHERMAN AV,EVANSTON,"(42.04762534077941, -87.68184688231727)"
49397,18009331,Fri,10/19/2018 12:00:00 AM,934,34,Male,Black,Not Hispanic,Taken into Custody,Blunt Objects,1900,GREENWOOD ST,EVANSTON,"(42.04272098722336, -87.69987815045803)"
49398,18009371,Wed,10/17/2018 12:00:00 AM,1834,50,Female,White,Not Hispanic,,None,1000,HOWARD ST,EVANSTON,"(42.01950824721509, -87.68645463516181)"
49399,18009390,Wed,10/17/2018 12:00:00 AM,1936,23,Female,Black,,,None,500,DODGE AV,EVANSTON,"(42.0275158555584, -87.69943635426894)"
49400,18009403,Thu,10/18/2018 12:00:00 AM,802,33,Female,Black,,On View,,1800,OAKTON ST,EVANSTON,"(42.02661419433206, -87.69867900185767)"
49401,18009471,Fri,10/19/2018 12:00:00 AM,2045,35,Male,Black,,Taken into Custody,None,1100,CLEVELAND ST,EVANSTON,"(42.02992147624319, -87.68769563213186)"
49402,18009505,Sun,10/21/2018 12:00:00 AM,334,23,Male,Black,,Taken into Custody,Personal (Hands/Fist/Feet),1900,DARROW AV,EVANSTON,"(42.052982334727446, -87.69734651386223)"
49403,18009538,Mon,10/22/2018 12:00:00 AM,45,38,Male,White,,On View,None,800,DAVIS ST,EVANSTON,"(42.04696657437724, -87.68263203697478)"
49404,18009440,Fri,10/19/2018 12:00:00 AM,1000,26,Male,White,,Taken into Custody,,600,PITNER AV,EVANSTON,"(42.02970321873427, -87.70567123224407)"
49405,18009492,Sat,10/20/2018 12:00:00 AM,1639,34,Male,Black,,Taken into Custody,Other,1400,BROWN AV,EVANSTON,"(42.04343544737339, -87.7006397520599)"
49406,18009519,Sun,10/21/2018 12:00:00 AM,1629,14,Male,Black,,Taken into Custody,None,700,REBA PL/CUSTER AV,EVANSTON,"(42.02982310193781, -87.68129193742264)"
49407,18009557,Mon,10/22/2018 12:00:00 AM,1958,62,Female,White,,Taken into Custody,,1200,DEMPSTER ST/RIDGE AV,EVANSTON,"(42.041279956339764, -87.68930691823485)"
49408,18009545,Mon,10/22/2018 12:00:00 AM,1053,36,Male,White,,Taken into Custody,None,1500,RIDGE AV,EVANSTON,"(42.0458969697563, -87.68863765122373)"
49409,18009581,Tue,10/23/2018 12:00:00 AM,650,56,Male,Black,Not Hispanic,Taken into Custody,Personal (Hands/Fist/Feet),1300,PITNER AV,EVANSTON,"(42.04182620400001, -87.70533903481568)"
49410,18008906,Mon,10/22/2018 12:00:00 AM,2040,27,Male,Black,,Taken into Custody,None,1500,RIDGE AV,EVANSTON,"(42.0458969697563, -87.68863765122373)"
49411,18009297,Tue,10/23/2018 12:00:00 AM,1556,27,Male,Black,,Taken into Custody,None,1500,RIDGE AV,EVANSTON,"(42.0458969697563, -87.68863765122373)"
49412,18009308,Mon,10/22/2018 12:00:00 AM,2031,27,Male,Black,,Taken into Custody,,1500,RIDGE AV,EVANSTON,"(42.0458969697563, -87.68863765122373)"
49413,18009203,Mon,10/22/2018 12:00:00 AM,2031,27,Male,White,,Taken into Custody,None,1500,RIDGE AV,EVANSTON,"(42.0458969697563, -87.68863765122373)"
49414,18009556,Mon,10/22/2018 12:00:00 AM,2031,27,Male,Black,,Taken into Custody,,1500,RIDGE AV,EVANSTON,"(42.0458969697563, -87.68863765122373)"
49415,18009612,Wed,10/24/2018 12:00:00 AM,222,27,Male,White,,Taken into Custody,None,1600,BENSON AV,EVANSTON,"(42.0477502296909, -87.68341426171074)"
49416,18009589,Tue,10/23/2018 12:00:00 AM,1203,20,Male,White,,On View,,1100,CHICAGO AV,EVANSTON,"(42.03841094441211, -87.68025391495762)"
49417,18009605,Tue,10/23/2018 12:00:00 AM,1727,21,Male,Black,,On View,None,1300,SIMPSON ST,EVANSTON,"(42.05579111570313, -87.69020032550897)"
49418,18009593,Tue,10/23/2018 12:00:00 AM,1417,31,Female,Black,Not Hispanic,,None,2100,W HOWARD AV,CHICAGO,"(42.01925234323605, -87.70312549977172)"
49419,18008862,Tue,10/02/2018 12:00:00 AM,2127,36,Male,White,,Warrant,None,1100,CHICAGO AV,EVANSTON,"(42.03841094441211, -87.68025391495762)"
49420,18009640,Wed,10/24/2018 12:00:00 AM,2220,62,Female,Black,,Taken into Custody,None,1500,DEMPSTER ST,EVANSTON,"(42.041218343689735, -87.69370322409057)"
49421,18009249,Sat,10/13/2018 12:00:00 AM,2050,26,Male,Black,Not Hispanic,Taken into Custody,None,100,CHICAGO AV,EVANSTON,"(42.0202707903477, -87.67653060029382)"
49422,18009661,Thu,10/25/2018 12:00:00 AM,1817,37,Female,Black,,,None,2600,MAIN ST,EVANSTON,
49424,18009160,Thu,10/25/2018 12:00:00 AM,1014,16,Male,Black,Not Hispanic,Taken into Custody,,1500,ELMWOOD AV,EVANSTON,"(42.0460107307921, -87.68378492477495)"
49425,18008329,Fri,10/26/2018 12:00:00 AM,2045,57,Male,Black,Not Hispanic,Taken into Custody,,1200,CHICAGO AV,EVANSTON,"(42.040224256269894, -87.68053254291043)"
49426,18008861,Tue,10/02/2018 12:00:00 AM,2103,36,Male,White,,Warrant,None,1100,CHICAGO AV,EVANSTON,"(42.03841094441211, -87.68025391495762)"
49427,18009365,Wed,10/24/2018 12:00:00 AM,1525,35,Male,Black,,Taken into Custody,Blunt Objects,1200,FOWLER AV,EVANSTON,"(42.040079926391996, -87.70693245297932)"
49428,18009564,Mon,10/22/2018 12:00:00 AM,1725,41,Male,White,,Taken into Custody,,1000,HOWARD ST,EVANSTON,"(42.01950824721509, -87.68645463516181)"
49429,18009659,Thu,10/25/2018 12:00:00 AM,1510,53,Female,White,,,None,1700,MAPLE AV,EVANSTON,"(42.049245869685386, -87.68479294319997)"
49430,18009687,Sat,10/27/2018 12:00:00 AM,40,66,Female,White,,On View,None,1000,NOYES ST,EVANSTON,"(42.058471005375004, -87.68522721839201)"
49431,18009742,Sun,10/28/2018 12:00:00 AM,2017,25,Male,Black,,Taken into Custody,None,3500,ARCADIA ST,SKOKIE,
49432,18009741,Sun,10/28/2018 12:00:00 AM,2017,25,Male,Black,,Taken into Custody,None,3500,ARCADIA ST,SKOKIE,
49433,18009788,Mon,10/29/2018 12:00:00 AM,2155,31,Female,White,,On View,Blunt Objects,1900,BROWN AV,EVANSTON,"(42.052924098541794, -87.70044544081519)"
49434,18004796,Tue,10/30/2018 12:00:00 AM,1955,25,Male,Black,,Taken into Custody,None,10000,HOLLY LANE,DES PLAINES,
49435,18009436,Tue,10/30/2018 12:00:00 AM,2220,26,Male,Black,,Taken into Custody,None,1500,ELMWOOD AV,EVANSTON,"(42.0460107307921, -87.68378492477495)"
49436,18009747,Mon,10/29/2018 12:00:00 AM,226,16,Male,White,,On View,None,700,OAKTON ST/CUSTER AV,EVANSTON,"(42.02657879970738, -87.68135556655409)"
49437,18009747,Mon,10/29/2018 12:00:00 AM,239,16,Male,Black,,On View,None,700,OAKTON ST/CUSTER AV,EVANSTON,"(42.02657879970738, -87.68135556655409)"
49438,18009757,Mon,10/29/2018 12:00:00 AM,1004,27,Male,White,,Warrant,None,1000,CHURCH ST,EVANSTON,"(42.04849683927903, -87.68581028225506)"
49439,18009187,Wed,10/31/2018 12:00:00 AM,930,24,Male,White,Not Hispanic,Taken into Custody,Handgun,1700,EMERSON ST,EVANSTON,"(42.052123169024874, -87.69658308314946)"
49440,18009692,Wed,10/31/2018 12:00:00 AM,800,20,Female,Black,,Taken into Custody,Motor Vehicle,1500,ELMWOOD AV,EVANSTON,"(42.0460107307921, -87.68378492477495)"
49441,18009847,Wed,10/31/2018 12:00:00 AM,2013,24,Male,Black,,Taken into Custody,Personal (Hands/Fist/Feet),2300,EMERSON ST,EVANSTON,"(42.05197366619142, -87.70573586402823)"
49442,18009850,Wed,10/31/2018 12:00:00 AM,2210,24,Male,Black,,Warrant,None,2300,EMERSON ST,EVANSTON,"(42.05197366619142, -87.70573586402823)"
49443,18009848,Wed,10/31/2018 12:00:00 AM,1910,43,Female,Black,,On View,Other,1300,ASHLAND AV,EVANSTON,"(42.042011055785316, -87.69362451623077)"
49444,18009852,Thu,11/01/2018 12:00:00 AM,230,30,Female,Black,,Taken into Custody,,700,RIDGE AV,EVANSTON,"(42.031275302713624, -87.6861332885754)"
49445,18009872,Thu,11/01/2018 12:00:00 AM,2045,29,Male,Black,,Taken into Custody,,1600,SHERMAN AV,EVANSTON,"(42.04762534077941, -87.68184688231727)"
49446,18009866,Thu,11/01/2018 12:00:00 AM,1835,22,Male,White,,On View,None,400,CHICAGO AV,EVANSTON,
49447,18009828,Wed,10/31/2018 12:00:00 AM,939,24,Female,White,,Taken into Custody,None,1800,RIDGE AV,EVANSTON,"(42.05134554920172, -87.68813625358497)"
49448,18009610,Fri,11/02/2018 12:00:00 AM,1114,18,Male,Black,Not Hispanic,Taken into Custody,None,5600,OLD ORCHARD,SKOKIE,
49449,18009836,Wed,10/31/2018 12:00:00 AM,1312,51,Male,White,Not Hispanic,,None,1000,AUSTIN ST,EVANSTON,"(42.02561350086017, -87.68611494334799)"
49450,18004847,Wed,10/31/2018 12:00:00 AM,1615,22,Male,White,Not Hispanic,Taken into Custody,,1500,ELMWOOD AV,EVANSTON,"(42.0460107307921, -87.68378492477495)"
49451,18009908,Fri,11/02/2018 12:00:00 AM,1919,57,Male,White,,,None,800,DODGE AV,EVANSTON,"(42.032956004902154, -87.69931868955699)"
49452,18009907,Fri,11/02/2018 12:00:00 AM,1532,71,Female,White,,Taken into Custody,None,1600,CHICAGO AV,EVANSTON,"(42.04696509074048, -87.6792851502086)"
49453,18009985,Mon,11/05/2018 12:00:00 AM,1547,28,Male,Black,,Taken into Custody,None,1200,ASBURY AV/WILDER ST,EVANSTON,"(42.0402787957757, -87.69025116460027)"
49454,18009970,Mon,11/05/2018 12:00:00 AM,901,29,Male,Black,Not Hispanic,Taken into Custody,None,2900,PARK PL,EVANSTON,"(42.066779272571246, -87.7162791617774)"
49455,18009994,Tue,11/06/2018 12:00:00 AM,59,24,Male,Black,,Warrant,None,1900,EMERSON ST,EVANSTON,"(42.05206625821078, -87.69968543110309)"
49456,18009997,Thu,10/25/2018 12:00:00 AM,1125,36,Male,White,,On View,None,1000,RIDGE AV,EVANSTON,"(42.03674324332717, -87.68737879098597)"
49457,18009340,Mon,11/05/2018 12:00:00 AM,845,40,Female,White,,Taken into Custody,None,1800,LYONS ST,EVANSTON,"(42.05021299581728, -87.698173342048)"
49458,18009361,Mon,11/05/2018 12:00:00 AM,845,40,Female,White,,Taken into Custody,None,1800,LYONS ST,EVANSTON,"(42.05021299581728, -87.698173342048)"
49459,18009727,Tue,11/06/2018 12:00:00 AM,1319,23,Female,Black,,Taken into Custody,,1500,ELMWOOD AV,EVANSTON,"(42.0460107307921, -87.68378492477495)"
49460,18009460,Fri,10/19/2018 12:00:00 AM,1620,57,Male,White,,Warrant,None,1700,DARROW AV,EVANSTON,"(42.04931575456186, -87.69741852521892)"
49461,18009852,Thu,11/01/2018 12:00:00 AM,215,30,Female,White,,Taken into Custody,Handgun,700,RIDGE AV,EVANSTON,"(42.031275302713624, -87.6861332885754)"
49462,18009990,Mon,11/05/2018 12:00:00 AM,1805,21,Female,Black,,Warrant,None,7600,N SHERIDAN,CHICAGO,
49463,18009975,Mon,11/05/2018 12:00:00 AM,1257,17,Male,White,,On View,None,1600,DODGE AV,EVANSTON,"(42.04771286124296, -87.69900335431777)"
49464,18010005,Tue,11/06/2018 12:00:00 AM,1031,30,Male,Black,Not Hispanic,Taken into Custody,None,3000,SIMPSON ST,EVANSTON,"(42.055351782271316, -87.71899142229324)"
49465,18010021,Tue,11/06/2018 12:00:00 AM,2359,18,Male,White,,On View,None,1200,ELMWOOD AV,EVANSTON,"(42.04030852214467, -87.68361719144156)"
49466,18010023,Wed,11/07/2018 12:00:00 AM,59,26,Male,White,,Taken into Custody,None,700,CASE ST,EVANSTON,"(42.0221322130156, -87.68160597492115)"
49467,18005110,Wed,11/07/2018 12:00:00 AM,1938,25,Male,Black,,Taken into Custody,None,2400,DEMPSTER ST,EVANSTON,"(42.040975164103514, -87.70767754633303)"
49468,18009226,Wed,11/07/2018 12:00:00 AM,805,55,Male,White,,Taken into Custody,None,1500,ELMWOOD AV,EVANSTON,"(42.0460107307921, -87.68378492477495)"
49469,18010029,Wed,11/07/2018 12:00:00 AM,801,19,Male,White,,Warrant,None,1900,MCDANIEL AV,EVANSTON,"(42.05319698057854, -87.70974340434805)"
49470,18008948,Thu,11/08/2018 12:00:00 AM,1145,35,Male,Black,,Warrant,None,1700,ORRINGTON AV,EVANSTON,"(42.04911412362465, -87.68035607867104)"
49471,18010060,Thu,11/08/2018 12:00:00 AM,1145,35,Male,Black,,On View,Knife/Cutting Instrument,1700,ORRINGTON AV,EVANSTON,"(42.04911412362465, -87.68035607867104)"
49472,18010082,Fri,11/09/2018 12:00:00 AM,329,22,Male,Black,,Taken into Custody,None,900,FOWLER AV/BRADLEY PL,EVANSTON,"(42.034625401397676, -87.70707186245605)"
49473,18010082,Fri,11/09/2018 12:00:00 AM,340,22,Female,Black,,Taken into Custody,None,900,FOWLER AV/BRADLEY PL,EVANSTON,"(42.034625401397676, -87.70707186245605)"
49474,18010082,Fri,11/09/2018 12:00:00 AM,336,29,Male,Black,,Taken into Custody,None,900,FOWLER AV/BRADLEY PL,EVANSTON,"(42.034625401397676, -87.70707186245605)"
49475,18010086,Fri,11/09/2018 12:00:00 AM,347,41,Female,Black,Not Hispanic,Warrant,None,1900,HARTREY AV,EVANSTON,"(42.05287132689126, -87.70355839791328)"
49476,18010049,Thu,11/08/2018 12:00:00 AM,621,26,Male,White,,On View,None,1200,RIDGE AV,EVANSTON,"(42.040360670285175, -87.68817431997114)"
49477,18010049,Thu,11/08/2018 12:00:00 AM,630,30,Male,White,,On View,None,1200,RIDGE AV,EVANSTON,"(42.040360670285175, -87.68817431997114)"
49478,18010068,Thu,11/08/2018 12:00:00 AM,1904,31,Male,White,,On View,None,700,ASBURY AV,EVANSTON,"(42.031301142475705, -87.6899989163036)"
49479,18007908,Fri,11/09/2018 12:00:00 AM,1858,24,Male,Black,Not Hispanic,Taken into Custody,None,2200,DEMPSTER ST,EVANSTON,"(42.04102772973126, -87.7045825304539)"
49480,18007908,Fri,11/09/2018 12:00:00 AM,1942,23,Female,Black,,Taken into Custody,None,2200,DEMPSTER ST,EVANSTON,"(42.04102772973126, -87.7045825304539)"
49481,18010049,Thu,11/08/2018 12:00:00 AM,2048,30,Male,White,,,None,,RIDGE AV/DEMPSTER ST,EVANSTON,
49484,18010130,Sat,11/10/2018 12:00:00 AM,537,32,Male,Unknown,,On View,,1200,ELMWOOD AV,EVANSTON,"(42.04030852214467, -87.68361719144156)"
49485,18010162,Sun,11/11/2018 12:00:00 AM,1600,34,Male,White,,Taken into Custody,None,700,DAVIS ST/ORRINGTON AV,EVANSTON,"(42.04674775175902, -87.68167845979298)"
49486,18010151,Sat,11/10/2018 12:00:00 AM,2340,45,Female,Black,,,None,,GOLF / SALEM,SKOKIE,
49493,18010169,Sun,11/11/2018 12:00:00 AM,2154,41,Male,White,,On View,,1400,CHICAGO AV,EVANSTON,"(42.043834145158726, -87.6805179156112)"
49494,18010231,Tue,11/13/2018 12:00:00 AM,1821,23,Male,Black,,Taken into Custody,None,200,CUSTER AV,EVANSTON,"(42.022098882111344, -87.68042634144619)"
49501,18010304,Fri,11/16/2018 12:00:00 AM,148,24,Male,Black,,On View,None,500,SHERIDAN RD,EVANSTON,"(42.02751784999248, -87.67063843293887)"
49502,18010384,Sun,11/18/2018 12:00:00 AM,1659,30,Male,Black,,Taken into Custody,None,600,SOUTH BL/CHICAGO AV,EVANSTON,"(42.02774742315706, -87.67925967352058)"
49504,18010321,Fri,11/16/2018 12:00:00 AM,1530,42,Female,White,,Taken into Custody,None,2700,GREEN BAY RD,EVANSTON,"(42.067844181835355, -87.70173836113409)"
49505,18010331,Fri,11/16/2018 12:00:00 AM,2130,28,Male,Black,,On View,None,1400,W. HOWARD,CHICAGO,"(42.019473609180395, -87.69283702200437)"
49506,18010335,Sat,11/17/2018 12:00:00 AM,100,25,Male,White,,Taken into Custody,None,,SALEM LANE/SALEM CIRCLE,SKOKIE,
49507,18010392,Mon,11/19/2018 12:00:00 AM,206,17,Male,Black,Not Hispanic,Taken into Custody,None,2400,MAIN ST,EVANSTON,"(42.033695899617555, -87.70787166189695)"
49509,18010393,Mon,11/19/2018 12:00:00 AM,328,55,Male,White,,On View,Unknown,1400,CHICAGO AV,EVANSTON,"(42.043834145158726, -87.6805179156112)"
49510,18010372,Sun,11/18/2018 12:00:00 AM,220,28,Male,Black,Not Hispanic,Taken into Custody,None,2400,OAKTON ST,EVANSTON,"(42.0263915272642, -87.70807977804002)"
49511,18010320,Fri,11/16/2018 12:00:00 AM,1619,39,Male,White,,Taken into Custody,None,2400,RIDGE AV/LINCOLN ST,EVANSTON,"(42.06203266341604, -87.68439059672694)"
49512,18010426,Tue,11/20/2018 12:00:00 AM,810,39,Male,Black,,On View,Personal (Hands/Fist/Feet),600,SHERMAN AV,EVANSTON,"(42.029535347043364, -87.68225613439499)"
49513,18010419,Tue,11/20/2018 12:00:00 AM,1442,50,Female,Black,Not Hispanic,Taken into Custody,Knife/Cutting Instrument,1400,HOWARD ST,EVANSTON,"(42.019473609180395, -87.69283702200437)"
49514,18010371,Sun,11/18/2018 12:00:00 AM,300,22,Male,White,Not Hispanic,Taken into Custody,None,1800,RAILROAD,EVANSTON,
49515,18010334,Sat,11/17/2018 12:00:00 AM,144,53,Male,Black,Not Hispanic,Taken into Custody,None,1100,GREENLEAF ST,EVANSTON,
49516,18010401,Mon,11/19/2018 12:00:00 AM,1305,30,Female,Black,Not Hispanic,,None,3100,SIMPSON ST,SKOKIE,"(42.0553162805567, -87.72186814299937)"
49520,18010446,Tue,11/20/2018 12:00:00 AM,1845,34,Male,Black,Not Hispanic,Taken into Custody,None,200,ASBURY AV,EVANSTON,"(42.022339108703086, -87.69013374998)"
49521,18010470,Wed,11/21/2018 12:00:00 AM,1912,37,Female,Black,,Warrant,None,1900,ASBURY AV,EVANSTON,"(42.05288197871548, -87.69005060220009)"
49526,18010524,Sun,11/25/2018 12:00:00 AM,800,48,Female,White,,Taken into Custody,None,3300,HARTZELL ST,EVANSTON,"(42.065515260029855, -87.72626851879919)"
49527,18010537,Sat,11/24/2018 12:00:00 AM,2107,53,Male,White,,Taken into Custody,Motor Vehicle,1500,ELMWOOD AV,EVANSTON,"(42.0460107307921, -87.68378492477495)"
49529,18010523,Sat,11/24/2018 12:00:00 AM,901,22,Male,White,,,None,1600,ASBURY AV/DAVIS ST,EVANSTON,"(42.04782489095145, -87.69014703150907)"
49530,18007188,Fri,11/23/2018 12:00:00 AM,1640,27,Male,Black,,Warrant,None,3000,S. RIVER RD.,DES PLAINES,
49531,18007189,Fri,11/23/2018 12:00:00 AM,1640,27,Male,Black,,Warrant,None,3000,S. RIVER RD.,DES PLAINES,
49532,18010517,Fri,11/23/2018 12:00:00 AM,1501,20,Male,White,,Taken into Custody,None,1000,DAVIS ST,EVANSTON,"(42.04705917282921, -87.68591346856846)"
49533,18002392,Fri,11/23/2018 12:00:00 AM,1640,27,Male,Black,,Warrant,None,3000,S. RIVER RD.,DES PLAINES,
49534,18006977,Fri,11/23/2018 12:00:00 AM,1640,27,Male,Black,,Warrant,None,3000,S. RIVER RD,DES PLAINES,
49535,18010222,Fri,11/23/2018 12:00:00 AM,1640,27,Male,Black,,Warrant,None,3000,S. RIVER RD.,DES PLAINES,
49536,18010614,Tue,11/27/2018 12:00:00 AM,2345,27,Female,Black,Not Hispanic,Taken into Custody,None,2300,LYONS ST/LAUREL AV,EVANSTON,"(42.05006865242994, -87.70543454729575)"
49537,18010639,Wed,11/28/2018 12:00:00 AM,1810,58,Male,Black,,Taken into Custody,None,900,AUSTIN ST,EVANSTON,"(42.02551456440051, -87.68476579493165)"
49538,18010647,Wed,11/28/2018 12:00:00 AM,2253,51,Male,Black,,Warrant,,800,DAVIS ST,EVANSTON,"(42.04696657437724, -87.68263203697478)"
49539,18008476,Wed,11/14/2018 12:00:00 AM,754,38,Female,Black,Not Hispanic,Taken into Custody,,1500,ELMWOOD AV,EVANSTON,"(42.0460107307921, -87.68378492477495)"
49540,18006227,Tue,11/27/2018 12:00:00 AM,1449,15,Male,White,,Taken into Custody,None,1500,ELMWOOD AV,EVANSTON,"(42.0460107307921, -87.68378492477495)"
49541,18010671,Thu,11/29/2018 12:00:00 AM,1825,17,Male,White,,Taken into Custody,,1700,MCCORMICK BL/,EVANSTON,"(42.05861473238012, -87.69730653692706)"
49542,18010262,Tue,11/27/2018 12:00:00 AM,1538,15,Male,White,,On View,None,1500,ELMWOOD AV,EVANSTON,"(42.0460107307921, -87.68378492477495)"
49543,18010509,Fri,11/23/2018 12:00:00 AM,1740,45,Female,White,,Taken into Custody,None,2700,GREEN BAY RD,EVANSTON,"(42.067844181835355, -87.70173836113409)"
49544,18010660,Thu,11/29/2018 12:00:00 AM,1307,37,Male,White,,,None,1000,CHICAGO AV,EVANSTON,"(42.03662153470917, -87.67990854552342)"
49545,18010296,Wed,11/28/2018 12:00:00 AM,1413,19,Male,White,,,None,1600,W FARGO AV,CHICAGO,
49553,18010683,Fri,11/30/2018 12:00:00 AM,1144,67,Female,Black,,,,1400,RIDGE AV,EVANSTON,"(42.04371656190859, -87.68850574198116)"
49554,18010355,Sat,12/01/2018 12:00:00 AM,1453,28,Male,Black,Not Hispanic,,None,1500,ELMWOOD AV,EVANSTON,"(42.0460107307921, -87.68378492477495)"
49555,18010756,Mon,12/03/2018 12:00:00 AM,1418,28,Male,Black,,Taken into Custody,Personal (Hands/Fist/Feet),900,MCDANIEL AV,EVANSTON,"(42.03490346840245, -87.70861239345403)"
49556,18010768,Mon,12/03/2018 12:00:00 AM,2120,53,Male,White,,On View,,1900,DEMPSTER ST,EVANSTON,"(42.04110795331242, -87.70005506348431)"
49557,18010769,Mon,12/03/2018 12:00:00 AM,1929,25,Female,Black,,Taken into Custody,None,1800,DEMPSTER ST/DARROW AV,EVANSTON,"(42.041137557693055, -87.69836969844225)"
49558,18010775,Tue,12/04/2018 12:00:00 AM,1524,38,Male,,,Taken into Custody,,400,RIDGE AV,EVANSTON,"(42.025837474313164, -87.68535997696793)"
49559,18010799,Wed,12/05/2018 12:00:00 AM,1029,21,Male,Black,,Warrant,None,1800,CHURCH ST/DARROW AV,EVANSTON,"(42.048393510068635, -87.69821115345385)"
49560,18010826,Thu,12/06/2018 12:00:00 AM,54,49,Male,Black,,On View,None,2000,DEMPSTER ST,EVANSTON,"(42.04108163423212, -87.70160948652928)"
49561,18010785,Wed,12/05/2018 12:00:00 AM,1119,58,Male,Black,,Taken into Custody,Personal (Hands/Fist/Feet),1500,ELMWOOD AV,EVANSTON,"(42.0460107307921, -87.68378492477495)"
49562,18010825,Thu,12/06/2018 12:00:00 AM,122,20,Male,White,,On View,None,700,EMERSON ST/ORRINGTON AV,EVANSTON,"(42.05206224624745, -87.68074368405021)"
49568,18010953,Sat,12/08/2018 12:00:00 AM,2223,38,Male,White,,Taken into Custody,None,1800,HOWARD ST,EVANSTON,"(42.01934340067625, -87.69886437507385)"
49570,18010890,Sat,12/08/2018 12:00:00 AM,24,57,Male,Black,,Taken into Custody,None,1100,CHICAGO AV,EVANSTON,"(42.03841094441211, -87.68025391495762)"
49573,18011006,Tue,12/11/2018 12:00:00 AM,1122,46,Male,White,,Taken into Custody,,1500,OAKTON ST,EVANSTON,"(42.0266826056222, -87.69403432961268)"
49575,18010885,Fri,12/07/2018 12:00:00 AM,2042,16,Male,Black,Not Hispanic,Taken into Custody,,1600,DODGE AV,EVANSTON,"(42.04771286124296, -87.69900335431777)"
49576,18011065,Wed,12/12/2018 12:00:00 AM,1821,25,Female,Black,,On View,None,300,CHICAGO AV,EVANSTON,"(42.02481706824564, -87.67764492670258)"
49577,18011047,Wed,12/12/2018 12:00:00 AM,1256,59,Female,White,Not Hispanic,,None,7600,N SHERIDAN RD,CHICAGO,
49578,18011085,Thu,12/13/2018 12:00:00 AM,1033,21,Male,Black,Not Hispanic,Taken into Custody,None,2000,GREEN BAY RD,EVANSTON,"(42.05489847420959, -87.69097062478913)"
49579,18011068,Wed,12/12/2018 12:00:00 AM,1850,46,Male,Asian,,On View,Handgun,2400,MAIN ST,EVANSTON,"(42.033695899617555, -87.70787166189695)"
49580,18011122,Fri,12/14/2018 12:00:00 AM,1403,59,Male,Black,,On View,None,,DEMPSTER ST/MCDANIEL AV,EVANSTON,
49581,18011120,Fri,12/14/2018 12:00:00 AM,1409,59,Male,Black,,Warrant,None,,DEMPSTER ST/MCDANIEL AV,EVANSTON,
49582,18011119,Fri,12/14/2018 12:00:00 AM,2203,34,Female,Black,,Taken into Custody,Sharp Object,2700,RIDGE AV,EVANSTON,"(42.06747071840131, -87.6829566385919)"
49583,18011163,Sat,12/15/2018 12:00:00 AM,1624,29,Female,White,,Taken into Custody,None,1600,CHICAGO AV,EVANSTON,"(42.04696509074048, -87.6792851502086)"
49584,18011161,Sat,12/15/2018 12:00:00 AM,1930,34,Male,White,,On View,None,100,ASBURY AVE,,"(42.02053223313827, -87.69015316502616)"
49585,18011098,Thu,12/13/2018 12:00:00 AM,1559,45,Male,White,,,None,1300,HOWARD ST,EVANSTON,"(42.01950563970092, -87.69126988978809)"
49586,18011129,Fri,12/14/2018 12:00:00 AM,1536,57,Male,White,,,None,1900,GREEN BAY RD,,"(42.0530940049027, -87.68957036365988)"
49587,18011183,Sun,12/16/2018 12:00:00 AM,2255,61,Male,Black,Not Hispanic,Taken into Custody,None,1700,MAPLE AV,EVANSTON,"(42.049245869685386, -87.68479294319997)"
49588,18011181,Sun,12/16/2018 12:00:00 AM,1750,56,Male,Black,Not Hispanic,,None,1300,RIDGE AV,EVANSTON,"(42.04200340988038, -87.68840022531144)"
49589,18011234,Mon,12/17/2018 12:00:00 AM,1700,24,Male,White,,,None,400,ASBURY AV,EVANSTON,"(42.02585323613883, -87.69008895718044)"
49590,18011277,Wed,12/19/2018 12:00:00 AM,204,21,Male,Black,,On View,None,600,CHICAGO AV,EVANSTON,"(42.029984911145235, -87.67857116649239)"
49591,18011172,Sat,12/15/2018 12:00:00 AM,2141,16,Male,White,,,None,1900,BRUMMEL ST/DODGE AV,EVANSTON,"(42.02113584434865, -87.70014275247874)"
49592,18011257,Tue,12/18/2018 12:00:00 AM,1158,61,Male,Black,Not Hispanic,Taken into Custody,None,9600,LINCOLNWOOD,SKOKIE,
49593,18011297,Wed,12/19/2018 12:00:00 AM,1241,21,Male,White,,On View,None,1300,DEMPSTER ST/ASBURY AV,EVANSTON,"(42.041273523990625, -87.69068735663645)"
49594,18011304,Wed,12/19/2018 12:00:00 AM,1550,29,Male,White,,,None,1400,RIDGE AV/LAKE ST,EVANSTON,"(42.04371656190859, -87.68850574198116)"
49595,18011312,Wed,12/19/2018 12:00:00 AM,1900,25,Male,Black,Not Hispanic,Taken into Custody,Knife/Cutting Instrument,300,DEMPSTER ST,EVANSTON,"(42.04113399295212, -87.67593438955272)"
49596,18011322,Wed,12/19/2018 12:00:00 AM,2235,40,Female,Black,,Taken into Custody,Other,1300,DEMPSTER ST,EVANSTON,"(42.041273523990625, -87.69068735663645)"
49597,18011322,Wed,12/19/2018 12:00:00 AM,2300,34,Female,Black,,Taken into Custody,None,1300,CHICAGO AV/DEMPSTER ST,EVANSTON,"(42.04191430584547, -87.68056675805788)"
49598,18011208,Mon,12/17/2018 12:00:00 AM,1525,29,Female,White,,,None,400,ASBURY AV,EVANSTON,"(42.02585323613883, -87.69008895718044)"
49599,18008301,Fri,12/14/2018 12:00:00 AM,1730,32,Male,Black,,Taken into Custody,None,1500,ELMWOOD AV,EVANSTON,"(42.0460107307921, -87.68378492477495)"
49600,18010849,Wed,12/19/2018 12:00:00 AM,1130,24,Female,Black,Not Hispanic,Taken into Custody,,1500,ELMWOOD AV,EVANSTON,"(42.0460107307921, -87.68378492477495)"
49601,18009881,Mon,12/17/2018 12:00:00 AM,913,61,Male,Black,Not Hispanic,Taken into Custody,None,1500,ELMWOOD AV,EVANSTON,"(42.0460107307921, -87.68378492477495)"
49602,18010856,Wed,12/19/2018 12:00:00 AM,1250,18,Male,White,Not Hispanic,Taken into Custody,None,5600,OLD ORCHARD RD,SKOKIE,
49603,18011196,Mon,12/17/2018 12:00:00 AM,1250,16,Male,Black,Not Hispanic,Taken into Custody,None,2500,MAIN ST,EVANSTON,"(42.03369119364168, -87.70927798129657)"
49604,18011018,Wed,12/19/2018 12:00:00 AM,1540,15,Male,White,,On View,None,1500,ELMWOOD AV,EVANSTON,"(42.0460107307921, -87.68378492477495)"
49605,18011255,Thu,12/20/2018 12:00:00 AM,1430,17,Male,Black,Not Hispanic,Taken into Custody,None,1500,ELLINWOOD ST,DES PLAINES,
49606,18011351,Thu,12/20/2018 12:00:00 AM,2136,36,Female,Black,Not Hispanic,Taken into Custody,None,2000,OAKTON ST,EVANSTON,"(42.02654598740489, -87.70172819948571)"
49607,18011353,Fri,12/21/2018 12:00:00 AM,0,30,Male,Black,,Taken into Custody,None,800,DOBSON ST,EVANSTON,"(42.020331193941615, -87.68377415394069)"
49608,18011327,Thu,12/20/2018 12:00:00 AM,858,28,Male,White,,Taken into Custody,None,1800,CHURCH ST,EVANSTON,"(42.048393510068635, -87.69821115345385)"
49609,18008837,Thu,12/20/2018 12:00:00 AM,1335,17,Male,Black,Not Hispanic,Taken into Custody,None,300,ELMWOOD AV,EVANSTON,"(42.023308234451115, -87.68276671943285)"
49610,18011311,Sat,12/22/2018 12:00:00 AM,1916,63,Male,Black,,On View,Knife/Cutting Instrument,800,CHURCH ST,EVANSTON,"(42.048460705224265, -87.6826034124509)"
49611,18011365,Fri,12/21/2018 12:00:00 AM,1610,47,Female,White,Not Hispanic,Taken into Custody,None,1100,ASBURY AV/CRAIN ST,EVANSTON,"(42.03854464841506, -87.68986848046387)"
49612,18011399,Sat,12/22/2018 12:00:00 AM,1827,37,Male,White,,Taken into Custody,None,600,MAIN ST/CHICAGO AV,EVANSTON,"(42.03394548973003, -87.6799268559879)"
49613,18011345,Sat,12/22/2018 12:00:00 AM,2156,63,Male,Black,,Taken into Custody,Knife/Cutting Instrument,800,CHURCH ST,EVANSTON,"(42.048460705224265, -87.6826034124509)"
49614,18011412,Sun,12/23/2018 12:00:00 AM,454,32,Male,Black,,On View,None,400,RIDGE AV,EVANSTON,"(42.025837474313164, -87.68535997696793)"
49615,18011422,Sun,12/23/2018 12:00:00 AM,1518,47,Male,Black,,Taken into Custody,,1100,CHICAGO AV,EVANSTON,"(42.03841094441211, -87.68025391495762)"
49616,18011437,Mon,12/24/2018 12:00:00 AM,110,31,Male,White,,Taken into Custody,None,1600,OAK AV,EVANSTON,"(42.04779080678063, -87.68681762808806)"
49617,18011438,Mon,12/24/2018 12:00:00 AM,44,50,Male,Black,Not Hispanic,Taken into Custody,None,1200,CLEVELAND ST,EVANSTON,"(42.02993267621047, -87.68919900168521)"
49618,18011441,Mon,12/24/2018 12:00:00 AM,456,46,Male,Black,,Taken into Custody,None,1200,FOWLER AV,EVANSTON,"(42.040079926391996, -87.70693245297932)"
49619,18011461,Mon,12/24/2018 12:00:00 AM,2008,49,Male,Black,,Taken into Custody,Personal (Hands/Fist/Feet),1400,HOWARD ST,EVANSTON,"(42.019473609180395, -87.69283702200437)"
49620,18011456,Mon,12/24/2018 12:00:00 AM,1338,18,Male,White,,Taken into Custody,None,2200,HOWARD ST,EVANSTON,"(42.019211376364495, -87.705482830181)"
49621,18011371,Fri,12/21/2018 12:00:00 AM,2342,83,Male,Black,,Taken into Custody,,700,MADISON ST,EVANSTON,"(42.031703121056054, -87.68126002219128)"
49622,18011395,Sat,12/22/2018 12:00:00 AM,1450,21,Male,White,,Warrant,None,1700,ORRINGTON AV,EVANSTON,"(42.04911412362465, -87.68035607867104)"
49623,18011406,Sat,12/22/2018 12:00:00 AM,2329,35,Male,White,,Taken into Custody,None,1400,RIDGE AV,EVANSTON,"(42.04371656190859, -87.68850574198116)"
49624,18011440,Mon,12/24/2018 12:00:00 AM,245,35,Male,Black,,On View,None,1000,DODGE AV,EVANSTON,"(42.03659148493038, -87.69924144158854)"
49625,18011452,Mon,12/24/2018 12:00:00 AM,1333,43,Female,White,,Warrant,None,1000,DAVIS ST,EVANSTON,"(42.04705917282921, -87.68591346856846)"
49626,18010306,Sun,12/23/2018 12:00:00 AM,1217,23,Male,White,,,None,1500,ELMWOOD AV,EVANSTON,"(42.0460107307921, -87.68378492477495)"
49627,18011427,Sun,12/23/2018 12:00:00 AM,1656,16,Female,White,,Taken into Custody,None,2200,HOWARD ST,EVANSTON,"(42.019211376364495, -87.705482830181)"
49628,18011492,Wed,12/26/2018 12:00:00 AM,1615,42,Female,Black,,On View,None,1900,DODGE AV,EVANSTON,"(42.05295346336588, -87.69889634805092)"
49629,18007685,Fri,12/21/2018 12:00:00 AM,1000,25,Male,Black,,Taken into Custody,,1500,ELMWOOD AV,EVANSTON,"(42.0460107307921, -87.68378492477495)"
49630,18005587,Tue,12/11/2018 12:00:00 AM,1930,26,Male,White,,Taken into Custody,Unknown,3000,W. CHICAGO AVE.,CHICAGO,
49631,18002489,Tue,12/11/2018 12:00:00 AM,1930,26,Male,White,,Taken into Custody,Unknown,3000,W. CHICAGO AVE,CHICAGO,
49632,18010502,Sat,12/22/2018 12:00:00 AM,1300,63,Male,Black,,Taken into Custody,Knife/Cutting Instrument,800,CHURCH ST,EVANSTON,"(42.048460705224265, -87.6826034124509)"
49633,18007351,Thu,12/27/2018 12:00:00 AM,728,38,Female,Black,Not Hispanic,Warrant,None,500,DES PLAINES AVE,FOREST PARK,
49634,18011366,Fri,12/21/2018 12:00:00 AM,1620,63,Male,Black,,On View,Knife/Cutting Instrument,800,CHURCH ST,EVANSTON,"(42.048460705224265, -87.6826034124509)"
49635,18011519,Thu,12/27/2018 12:00:00 AM,1933,31,Male,Black,,Taken into Custody,,1700,ORRINGTON AV,EVANSTON,"(42.04911412362465, -87.68035607867104)"
49636,18011528,Thu,12/27/2018 12:00:00 AM,2028,59,Male,White,,Taken into Custody,None,1500,LINCOLN ST/JACKSON AV,EVANSTON,"(42.06216072979129, -87.6930106564641)"
49637,18011529,Thu,12/27/2018 12:00:00 AM,2100,24,Male,White,,On View,None,1700,HINMAN AV,EVANSTON,"(42.04813580388738, -87.67680429040097)"
49638,18011533,Fri,12/28/2018 12:00:00 AM,102,49,Male,White,,Warrant,None,1700,ORRINGTON AV,EVANSTON,"(42.04911412362465, -87.68035607867104)"
49645,18011610,Sun,12/30/2018 12:00:00 AM,2149,48,Female,White,,Taken into Custody,None,3300,HARTZELL ST,EVANSTON,"(42.065515260029855, -87.72626851879919)"
49649,18011583,Sun,12/30/2018 12:00:00 AM,207,25,Male,White,,Taken into Custody,None,500,ELMWOOD AV,EVANSTON,"(42.027702313131485, -87.6841653462886)"
49658,18000830,Wed,08/15/2018 12:00:00 AM,1245,69,Male,Black,,Taken into Custody,None,1500,ELMWOOD AV,EVANSTON,"(42.0460107307921, -87.68378492477495)"
49663,18011570,Sat,12/29/2018 12:00:00 AM,1620,49,Male,Black,,,None,900,RIDGE AV/MAIN ST,EVANSTON,"(42.03494282048115, -87.68858509367074)"
49671,18009310,Fri,01/04/2019 12:00:00 AM,1518,38,Male,White,,Taken into Custody,None,1500,ELMWOOD AV,EVANSTON,"(42.0460107307921, -87.68378492477495)"
49672,18009838,Fri,01/04/2019 12:00:00 AM,1539,38,Male,White,,Warrant,None,2300,JACKSON AV,EVANSTON,"(42.06108763165332, -87.69213234158403)"
49673,18010633,Fri,01/04/2019 12:00:00 AM,1550,38,Male,White,,Warrant,None,2300,JACKSON AV,EVANSTON,"(42.06108763165332, -87.69213234158403)"
49678,18011161,Sat,12/15/2018 12:00:00 AM,1827,49,Male,White,,Taken into Custody,None,7600,N. WESTERN,CHICAGO,
49679,18010094,Mon,01/07/2019 12:00:00 AM,1057,13,Male,Black,Not Hispanic,,None,2400,PRAIRIE AV,EVANSTON,"(42.06184410504257, -87.69882766617769)"
49680,18009793,Wed,01/02/2019 12:00:00 AM,1443,13,Male,Black,Not Hispanic,,Personal (Hands/Fist/Feet),2400,PRAIRIE AV,EVANSTON,"(42.06184410504257, -87.69882766617769)"
49687,18008329,Thu,01/10/2019 12:00:00 AM,2112,58,Male,Black,Not Hispanic,Warrant,None,2700,RIDGE AV,EVANSTON,"(42.06747071840131, -87.6829566385919)"
49697,18007658,Wed,01/16/2019 12:00:00 AM,134,27,Male,Black,,Warrant,,2200,RIDGE AV,EVANSTON,"(42.0584126095312, -87.68588377902304)"
49698,18008125,Wed,01/16/2019 12:00:00 AM,134,27,Male,Black,,Warrant,None,2200,RIDGE AV,EVANSTON,"(42.0584126095312, -87.68588377902304)"
49699,18008814,Wed,01/16/2019 12:00:00 AM,134,27,Male,Black,,Warrant,None,2200,RIDGE AV,EVANSTON,"(42.0584126095312, -87.68588377902304)"
49703,18010987,Tue,01/15/2019 12:00:00 AM,1740,17,Male,White,,Taken into Custody,Personal (Hands/Fist/Feet),1500,ELMWOOD AV,EVANSTON,"(42.0460107307921, -87.68378492477495)"
49729,18008982,Wed,01/23/2019 12:00:00 AM,1525,27,Male,Black,,Warrant,Unknown,0,SEYMOUR AV,GRAYSLAKE,
49730,18005238,Thu,01/24/2019 12:00:00 AM,1410,39,Male,Black,Not Hispanic,Warrant,None,300,CHICAGO AV,EVANSTON,"(42.02481706824564, -87.67764492670258)"
49734,18008551,Thu,01/24/2019 12:00:00 AM,1919,27,Male,Black,,Warrant,None,1500,ELMWOOD AV,EVANSTON,"(42.0460107307921, -87.68378492477495)"
49753,18007039,Mon,02/04/2019 12:00:00 AM,1557,31,Male,White,,Warrant,None,400,HOWARD ST,EVANSTON,"(42.01939792140859, -87.67510239982812)"
49754,18007335,Mon,02/04/2019 12:00:00 AM,1557,31,Male,White,,On View,None,400,HOWARD ST,EVANSTON,"(42.01939792140859, -87.67510239982812)"
49759,18011610,Tue,02/05/2019 12:00:00 AM,1149,48,Female,White,,Warrant,,3300,HARTZELL ST,EVANSTON,"(42.065515260029855, -87.72626851879919)"
49760,18010524,Tue,02/05/2019 12:00:00 AM,1117,48,Female,White,,Warrant,,3300,HARTZELL ST,EVANSTON,"(42.065515260029855, -87.72626851879919)"
49764,18011210,Mon,02/04/2019 12:00:00 AM,1600,29,Male,White,,Taken into Custody,None,1500,ELMWOOD AV,EVANSTON,"(42.0460107307921, -87.68378492477495)"
49785,18009739,Mon,02/11/2019 12:00:00 AM,920,36,Male,White,,Taken into Custody,,1500,ELMWOOD AV,EVANSTON,"(42.0460107307921, -87.68378492477495)"
49788,18007210,Sun,02/10/2019 12:00:00 AM,1302,31,Male,White,,Taken into Custody,None,500,GEORGETOWN,WOOD DALE,
