Day of the Week,Field Contact Date,Street Number,Street Name,City
Mon,03/18/2019 11:51:00 AM,1100,CHURCH ST/OAK AV,EVANSTON
Mon,03/18/2019 07:41:00 AM,1600,SHERMAN AV,EVANSTON
Mon,03/18/2019 01:24:00 AM,100,ELMWOOD AV,EVANSTON
Sat,03/16/2019 10:02:00 PM,3300,GOLF RD,SKOKIE
Sat,03/16/2019 10:02:00 PM,3300,GOLF RD,SKOKIE
Sat,03/16/2019 10:02:00 PM,3300,GOLF RD,SKOKIE
Sat,03/16/2019 01:08:00 AM,1700,MCCORMICK BL/,EVANSTON
Fri,03/15/2019 04:44:00 PM,1300,AUSTIN ST/ASBURY AV,EVANSTON
Wed,03/13/2019 11:44:00 PM,1700,EMERSON ST,EVANSTON
Wed,03/13/2019 07:41:00 AM,1700,SHERMAN AV,EVANSTON
Mon,03/11/2019 12:33:00 PM,2700,RIDGE AV,EVANSTON
Sun,03/10/2019 01:59:00 AM,1300,FOWLER AV/DEMPSTER ST,EVANSTON
Fri,03/08/2019 11:40:00 PM,100,RIDGE AV/HOWARD ST,EVANSTON
Mon,03/04/2019 09:46:00 AM,100,CUSTER AV,EVANSTON
Sun,03/03/2019 01:43:00 AM,2800,ELGIN RD,EVANSTON
Sun,03/03/2019 01:40:00 AM,7500,WESTERN,CHICAGO
Thu,02/28/2019 11:06:00 PM,2000,OAKTON ST/GREY AV,EVANSTON
Thu,02/28/2019 06:29:00 PM,1000,HOWARD ST,EVANSTON
Wed,02/27/2019 09:28:00 AM,2700,RIDGE AV,EVANSTON
Wed,02/27/2019 01:36:00 AM,,HARTREY AV/CLEVELAND ST,EVANSTON
Tue,02/26/2019 05:48:00 PM,600,HOWARD ST,EVANSTON
Mon,02/25/2019 06:40:00 PM,2300,EMERSON ST,EVANSTON
Mon,02/25/2019 04:30:00 PM,1700,GREY AV,EVANSTON
Mon,02/25/2019 04:30:00 PM,1700,GREY AV,EVANSTON
Mon,02/25/2019 04:13:00 PM,500,HOWARD ST,EVANSTON
Sun,02/24/2019 05:18:00 AM,1100,JUDSON AV,EVANSTON
Sat,02/23/2019 12:19:00 AM,1000,HULL TER,EVANSTON
Thu,02/21/2019 03:59:00 PM,,SHERIDAN/ROGERS,CHICAGO
Thu,02/21/2019 03:59:00 PM,200,RIDGE AV,EVANSTON
Thu,02/21/2019 03:59:00 PM,,SHERIDAN/ROGERS,CHICAGO
Thu,02/21/2019 03:39:00 PM,,SHERIDAN/ROGERS,CHICAGO
Thu,02/21/2019 01:52:00 PM,700,MULFORD ST,EVANSTON
Thu,02/21/2019 11:36:00 AM,1200,OAKTON ST,EVANSTON
Thu,02/21/2019 10:07:00 AM,1200,OAKTON ST,EVANSTON
Tue,02/19/2019 08:51:00 PM,200,CALLAN AV,EVANSTON
Tue,02/19/2019 01:40:00 PM,1300,HARTREY AV,EVANSTON
Mon,02/18/2019 10:00:00 AM,600,OAKTON ST/CALLAN AV,EVANSTON
Thu,02/14/2019 08:54:00 PM,600,CALLAN AV,EVANSTON
Thu,02/14/2019 08:46:00 PM,600,CALLAN AV,EVANSTON
Thu,02/14/2019 08:28:00 PM,600,CALLAN AV,EVANSTON
Thu,02/14/2019 05:27:00 PM,100,RIDGE AV,EVANSTON
Wed,02/13/2019 05:44:00 PM,,HOWARD ST / ASBURY AV,CHICAGO
Wed,02/13/2019 05:18:00 PM,100,CUSTER AV,EVANSTON
Wed,02/13/2019 04:40:00 PM,800,HOWARD ST,EVANSTON
Wed,02/13/2019 04:34:00 PM,2000,FOSTER ST,EVANSTON
Tue,02/12/2019 07:20:00 PM,1600,HOWARD ST,EVANSTON
Sun,02/10/2019 08:19:00 AM,200,DODGE AV,EVANSTON
Sat,02/09/2019 10:37:00 AM,1700,SIMPSON ST,EVANSTON
Tue,02/05/2019 08:32:00 PM,700,CUSTER AV,EVANSTON
Mon,02/04/2019 03:57:00 PM,400,HOWARD ST,EVANSTON
Sun,02/03/2019 01:50:00 PM,2300,CHASE,CHICAGO
Sun,02/03/2019 02:11:00 AM,1900,DEMPSTER ST,EVANSTON
Sat,02/02/2019 04:40:00 AM,,CUSTER AV/HULL TER,EVANSTON
Sat,02/02/2019 01:08:00 AM,200,ASBURY AV/BRUMMEL ST,EVANSTON
Thu,01/31/2019 10:00:00 AM,1200,FOWLER AV,EVANSTON
Mon,01/28/2019 06:59:00 PM,1900,DODGE AV,EVANSTON
Fri,01/25/2019 07:30:00 PM,1900,DODGE AV,EVANSTON
Fri,01/25/2019 07:30:00 PM,1900,DODGE AV,EVANSTON
Thu,01/24/2019 06:10:00 PM,300,CHICAGO AV,EVANSTON
Thu,01/24/2019 06:10:00 PM,300,CHICAGO AV,EVANSTON
Thu,01/24/2019 06:10:00 PM,300,CHICAGO AV,EVANSTON
Wed,01/23/2019 04:44:00 PM,,HOWARD/MULFORD,EVANSTON
Fri,01/18/2019 11:09:00 AM,1600,FLORENCE AV/DAVIS ST,EVANSTON
Thu,01/17/2019 09:46:00 PM,1600,BENSON AV,EVANSTON
Thu,01/17/2019 04:11:00 PM,7400,N CLARK ST,CHICAGO
Thu,01/17/2019 10:36:00 AM,,ASHLAND AVE/BIRCHWOOD AVE,CHICAGO
Thu,01/17/2019 10:36:00 AM,,ASHLAND/BIRCHWOOD,CHICAGO
Wed,01/16/2019 10:12:00 AM,1700,SHERMAN AV,EVANSTON
Tue,01/15/2019 05:28:00 PM,7600,N PAULINA,CHICAGO
Tue,01/15/2019 04:15:00 PM,100,ELMWOOD AV,EVANSTON
Mon,01/14/2019 06:00:00 PM,400,HOWARD ST,EVANSTON
Sat,01/12/2019 03:22:00 PM,1700,EMERSON ST/DEWEY AV,EVANSTON
Sat,01/12/2019 12:55:00 AM,100,DODGE AV,EVANSTON
Fri,01/11/2019 10:21:00 PM,1100,FOSTER ST/PRATT CT,EVANSTON
Fri,01/11/2019 01:11:00 AM,1300,DODGE AV,EVANSTON
Fri,01/11/2019 01:11:00 AM,1300,DODGE AV,EVANSTON
Thu,01/10/2019 07:22:00 PM,400,HOWARD ST,EVANSTON
Thu,01/10/2019 06:08:00 PM,7600,N. MARSHFIELD,CHICAGO
Thu,01/10/2019 09:01:00 AM,1000,GROVE ST,EVANSTON
Wed,01/09/2019 08:49:00 PM,300,HOWARD ST,EVANSTON
Wed,01/09/2019 07:50:00 PM,1800,JUNEWAY TER,CHICAGO
Wed,01/09/2019 07:50:00 PM,1800,JUNEWAY,CHICAGO
Wed,01/09/2019 05:06:00 PM,200,CALLAN AV,EVANSTON
Tue,01/08/2019 09:35:00 PM,2000,EMERSON ST,EVANSTON
Tue,01/08/2019 04:21:00 PM,500,ASBURY AV/SOUTH BL,EVANSTON
Mon,01/07/2019 06:24:00 PM,100,CHICAGO AV,EVANSTON
Mon,01/07/2019 03:06:00 PM,1100,SOUTH BL,EVANSTON
Mon,01/07/2019 03:06:00 PM,1100,SOUTH BL,EVANSTON
Mon,01/07/2019 03:06:00 PM,1100,SOUTH BL,EVANSTON
Mon,01/07/2019 03:06:00 PM,1100,SOUTH BL,EVANSTON
Sat,01/05/2019 03:51:00 PM,900,NOYES ST,EVANSTON
Sat,01/05/2019 02:41:00 PM,400,HOWARD ST,EVANSTON
Sat,01/05/2019 02:41:00 PM,400,HOWARD ST,EVANSTON
Sat,01/05/2019 01:48:00 PM,2300,FOSTER ST,EVANSTON
Sat,01/05/2019 02:35:00 AM,2000,MAIN ST/BROWN AV,EVANSTON
Sat,01/05/2019 12:30:00 AM,2000,MAIN ST/BROWN AV,EVANSTON
Fri,01/04/2019 03:36:00 PM,1600,PITNER AV,EVANSTON
Fri,01/04/2019 02:20:00 PM,2300,JACKSON AV,EVANSTON
Thu,01/03/2019 11:12:00 PM,1100,CHICAGO AV,EVANSTON
Thu,01/03/2019 06:50:00 PM,100,RIDGE AV,EVANSTON
Tue,01/01/2019 06:45:00 PM,2500,CHURCH ST,EVANSTON
Mon,12/31/2018 10:20:00 AM,2700,RIDGE AV,EVANSTON
Mon,12/31/2018 02:54:00 AM,600,PITNER AV,EVANSTON
Sun,12/30/2018 01:09:00 PM,400,HOWARD ST,EVANSTON
Sun,12/30/2018 03:50:00 AM,1000,DAVIS ST,EVANSTON
Sat,12/29/2018 08:02:00 PM,1700,ORRINGTON AV,EVANSTON
Sat,12/29/2018 07:16:00 PM,7500,WESTERN,CHICAGO
Sat,12/29/2018 04:42:00 PM,1800,LAKE ST,EVANSTON
Thu,12/27/2018 04:55:00 PM,600,DEWEY AV,EVANSTON
Thu,12/27/2018 12:49:00 PM,1900,GREENLEAF ST/DODGE AV,EVANSTON
Wed,12/19/2018 06:03:00 PM,2400,MAIN ST,EVANSTON
Wed,12/19/2018 04:11:00 AM,1000,ASBURY AV,EVANSTON
Wed,12/19/2018 03:39:00 AM,,HOWARD/HOYNE,
Wed,12/19/2018 12:16:00 AM,600,SOUTH BLVD,
Mon,12/17/2018 02:05:00 PM,1800,CHURCH ST/DARROW AV,EVANSTON
Mon,12/17/2018 12:49:00 AM,1600,EMERSON ST,EVANSTON
Sat,12/15/2018 03:41:00 PM,7600,N WESTERN AV,CHICAGO
Sat,12/15/2018 03:39:00 PM,100,ASBURY AV,EVANSTON
Fri,12/14/2018 02:41:00 AM,1400,NOYES ST,EVANSTON
Thu,12/13/2018 03:37:00 AM,300,DODGE AV,EVANSTON
Wed,12/12/2018 08:58:00 PM,1100,CHICAGO AV,EVANSTON
Wed,12/12/2018 07:35:00 PM,200,CUSTER AV,EVANSTON
Wed,12/12/2018 03:42:00 PM,2100,RIDGE AV,EVANSTON
Mon,12/10/2018 01:32:00 AM,1600,CHURCH ST,EVANSTON
Fri,12/07/2018 02:40:00 AM,2300,HOWARD ST,EVANSTON
Mon,12/03/2018 11:31:00 AM,1600,DODGE AV,EVANSTON
Mon,12/03/2018 11:31:00 AM,1600,DODGE AV,EVANSTON
Sun,12/02/2018 08:30:00 PM,1900,FOSTER ST,EVANSTON
Sat,12/01/2018 12:02:00 AM,500,BARTON AV/OAKTON ST,EVANSTON
Fri,11/30/2018 07:38:00 PM,7600,N SHERIDAN,CHICAGO
Wed,11/28/2018 06:48:00 PM,800,DODGE AV,EVANSTON
Fri,11/23/2018 03:56:00 PM,2000,WARREN ST,EVANSTON
Fri,11/23/2018 04:29:00 AM,7400,N. CALIFORNIA,CHICAGO
Mon,11/19/2018 11:09:00 AM,1700,SHERMAN AV,EVANSTON
Sun,11/18/2018 08:34:00 PM,1800,BENSON AV,EVANSTON
Sun,11/18/2018 07:07:00 PM,1800,BENSON AV,EVANSTON
Sun,11/18/2018 07:07:00 PM,1800,BENSON AV,EVANSTON
Fri,11/16/2018 08:44:00 PM,1400,W HOWARD ST,CHICAGO
Fri,11/16/2018 11:04:00 AM,2100,RIDGE AV,EVANSTON
Wed,11/14/2018 08:37:00 PM,1700,DAVIS ST,EVANSTON
Wed,11/14/2018 02:32:00 AM,200,CUSTER AV/CASE ST,EVANSTON
Sat,11/10/2018 07:16:00 PM,1000,HOWARD ST,EVANSTON
Thu,11/08/2018 04:29:00 PM,,CHURCH/MCCORMICK,SKOKIE
Wed,11/07/2018 08:27:00 PM,2400,DEMPSTER ST,EVANSTON
Wed,11/07/2018 06:10:00 PM,2400,DEMPSTER ST,EVANSTON
Tue,11/06/2018 03:19:00 PM,,LINCOLNWOOD/DEMPSTER,SKOKIE
Mon,11/05/2018 06:05:00 PM,7600,N SHERIDAN RD/W HOWARD ST,CHICAGO
Wed,10/31/2018 08:41:00 PM,600,SHERMAN AV,EVANSTON
Wed,10/31/2018 08:41:00 PM,600,SHERMAN AV,EVANSTON
Wed,10/31/2018 07:52:00 PM,7500,N ROGERS AV/N PAULINA ST,CHICAGO
Wed,10/31/2018 11:58:00 AM,7300,N WESTERN AV,CHICAGO
Wed,10/31/2018 07:09:00 AM,1500,RIDGE AV,EVANSTON
Mon,10/29/2018 08:25:00 PM,1700,MAPLE AV,EVANSTON
Mon,10/29/2018 08:14:00 PM,2700,RIDGE AV,EVANSTON
Mon,10/29/2018 06:40:00 PM,100,CHICAGO AV,EVANSTON
Mon,10/29/2018 01:46:00 PM,2700,RIDGE AV,EVANSTON
Sat,10/27/2018 12:00:00 PM,2700,RIDGE AV,EVANSTON
Fri,10/26/2018 11:49:00 PM,,DEMPSTER/EWING,SKOKIE
Fri,10/26/2018 11:13:00 AM,,HOWARD ST/BELL AV,CHICAGO
Fri,10/26/2018 11:13:00 AM,,HOWARD ST/BELL AVE,CHICAGO
Thu,10/25/2018 11:04:00 PM,1200,LAKE ST/RIDGE AV,EVANSTON
Tue,10/23/2018 07:09:00 PM,1000,HOWARD ST,EVANSTON
Tue,10/23/2018 06:58:00 PM,1000,HOWARD ST,EVANSTON
Tue,10/23/2018 06:15:00 PM,1300,SIMPSON ST,EVANSTON
Mon,10/22/2018 08:24:00 PM,1500,RIDGE AV,EVANSTON
Mon,10/22/2018 07:57:00 PM,1800,MAPLE AV,EVANSTON
Mon,10/22/2018 06:30:00 PM,400,HOWARD ST,EVANSTON
Sun,10/21/2018 09:57:00 PM,200,WESLEY AV,EVANSTON
Fri,10/19/2018 04:17:00 PM,1700,DARROW AV,EVANSTON
Fri,10/19/2018 01:45:00 AM,1300,ASBURY AV/DEMPSTER ST,EVANSTON
Tue,10/16/2018 09:10:00 PM,1700,ORRINGTON AV,EVANSTON
Tue,10/16/2018 06:07:00 PM,2200,OAKTON ST,EVANSTON
Sat,10/13/2018 10:46:00 PM,700,EMERSON ST,EVANSTON
Sat,10/13/2018 08:40:00 PM,100,CHICAGO AV,EVANSTON
Sat,10/13/2018 04:27:00 AM,900,RIDGE AV/MAIN ST,EVANSTON
Sat,10/13/2018 02:19:00 AM,600,HOWARD ST,EVANSTON
Fri,10/12/2018 05:20:00 PM,3200,CENTRAL ST,EVANSTON
Thu,10/11/2018 09:03:00 PM,1000,EMERSON ST,EVANSTON
Thu,10/11/2018 06:15:00 PM,2000,W BIRCHWOOD,CHICAGO
Wed,10/10/2018 05:15:00 PM,600,CLARK ST,EVANSTON
Fri,10/05/2018 02:53:00 AM,700,DAVIS ST/ORRINGTON AV,EVANSTON
Thu,10/04/2018 03:39:00 PM,7500,N WOLCOTT,CHICAGO
Thu,10/04/2018 03:39:00 PM,7500,N WOLCOTT,CHICAGO
Thu,10/04/2018 04:02:00 AM,2100,WESLEY AV,EVANSTON
Wed,10/03/2018 04:24:00 PM,1000,DODGE AV,EVANSTON
Wed,10/03/2018 12:43:00 PM,600,DAVIS ST,EVANSTON
Tue,10/02/2018 06:32:00 PM,1500,DEWEY AV,EVANSTON
Sun,09/30/2018 04:16:00 PM,800,INGLESIDE PL,EVANSTON
Sat,09/29/2018 05:27:00 PM,1600,SHERMAN AV,EVANSTON
Fri,09/28/2018 10:17:00 PM,1500,LYONS ST/ASHLAND AV,EVANSTON
Thu,09/27/2018 06:57:00 PM,600,HOWARD ST,EVANSTON
Thu,09/27/2018 04:40:00 PM,100,RIDGE AV,EVANSTON
Wed,09/26/2018 02:03:00 PM,1800,W HOWARD ST,CHICAGO
Wed,09/26/2018 12:07:00 PM,400,HOWARD ST,EVANSTON
Wed,09/26/2018 12:07:00 PM,400,HOWARD ST,EVANSTON
Wed,09/26/2018 01:10:00 AM,2000,FOSTER ST,EVANSTON
Tue,09/25/2018 10:40:00 PM,300,RIDGE AV,EVANSTON
Tue,09/25/2018 10:32:00 PM,300,RIDGE AV,EVANSTON
Tue,09/25/2018 09:02:00 PM,1800,EMERSON ST,EVANSTON
Tue,09/25/2018 03:29:00 PM,2000,W HOWARD ST,CHICAGO
Tue,09/25/2018 03:00:00 PM,,BIRCHWOOD/CALRK,CHICAGO
Mon,09/24/2018 09:30:00 PM,100,RIDGE AV,EVANSTON
Mon,09/24/2018 09:30:00 PM,100,RIDGE AV,EVANSTON
Mon,09/24/2018 08:24:00 PM,1300,DODGE AV,EVANSTON
Mon,09/24/2018 08:23:00 PM,,HOWARD ST/MCCORMICK,CHICAGO
Mon,09/24/2018 04:59:00 PM,0,HOWARD ST,CHICAGO
Sun,09/23/2018 07:18:00 PM,1000,MAPLE AV,EVANSTON
Sun,09/23/2018 03:10:00 PM,1600,GREENLEAF ST,EVANSTON
Sun,09/23/2018 02:06:00 AM,,DEMPSTER/E PRAIRE,SKOKIE
Fri,09/21/2018 04:57:00 PM,100,CLYDE AV,EVANSTON
Fri,09/21/2018 04:56:00 PM,7500,N. SEELEY,CHICAGO
Thu,09/20/2018 07:48:00 PM,7500,N. DAMEN,CHICAGO
Thu,09/20/2018 07:45:00 PM,7500,N. DAMEN,CHICAGO
Wed,09/19/2018 12:52:00 PM,1900,FOSTER ST,EVANSTON
Tue,09/18/2018 02:59:00 PM,1000,WASHINGTON ST,EVANSTON
Sat,09/15/2018 11:42:00 PM,1800,LELAND AV,EVANSTON
Sat,09/15/2018 02:23:00 AM,1800,LELAND AV,EVANSTON
Sat,09/15/2018 02:23:00 AM,1800,LELAND AV,EVANSTON
Fri,09/14/2018 01:23:00 AM,1900,OAKTON ST,EVANSTON
Thu,09/13/2018 06:50:00 PM,1300,HARTREY AV,EVANSTON
Thu,09/13/2018 03:47:00 PM,700,MONROE ST,EVANSTON
Wed,09/12/2018 07:25:00 PM,1900,MAIN ST,EVANSTON
Wed,09/12/2018 03:04:00 PM,1900,EMERSON ST,EVANSTON
Wed,09/12/2018 10:29:00 AM,1200,DODGE AV,EVANSTON
Wed,09/12/2018 09:37:00 AM,700,CHURCH ST/ORRINGTON AV,EVANSTON
Mon,09/10/2018 10:37:00 PM,1700,SHERMAN AV,EVANSTON
Mon,09/10/2018 07:15:00 AM,,CHICAGO AV/JUNEWAY TER,CHICAGO
Sat,09/08/2018 05:15:00 PM,1600,CHICAGO AV,EVANSTON
Fri,09/07/2018 08:54:00 PM,1400,GREY AV,EVANSTON
Fri,09/07/2018 05:00:00 PM,1600,SHERMAN AV,EVANSTON
Fri,09/07/2018 03:28:00 AM,1100,RIDGE AV/GREENLEAF ST,EVANSTON
Sat,09/01/2018 07:09:00 AM,800,MILBURN ST,EVANSTON
Fri,08/31/2018 11:12:00 AM,500,HOWARD ST,EVANSTON
Fri,08/31/2018 10:50:00 AM,7400,N CLARK,CHICAGO
Sun,08/26/2018 06:32:00 PM,2500,EMERSON ST,EVANSTON
Thu,08/23/2018 09:48:00 PM,600,SHERMAN AV,EVANSTON
Wed,08/22/2018 06:30:00 PM,1700,BENSON AV/CHURCH ST,EVANSTON
Wed,08/22/2018 11:11:00 AM,1200,OAK AV,EVANSTON
Wed,08/22/2018 11:11:00 AM,1200,OAK AV,EVANSTON
Wed,08/22/2018 11:11:00 AM,1200,OAK AV,EVANSTON
Wed,08/22/2018 10:21:00 AM,,OAKTON/MONTICELLO,SKOKIE
Wed,08/22/2018 09:49:00 AM,,OAKTON/MCCORMICK,
Wed,08/22/2018 09:37:00 AM,,OAKTON/MCCORMICK,
Mon,08/20/2018 02:18:00 PM,1400,FOWLER AV,EVANSTON
Sun,08/19/2018 06:24:00 PM,1700,BROWN AV,EVANSTON
Sun,08/19/2018 03:13:00 PM,1500,W HOWARD,CHICAGO
Sat,08/18/2018 11:36:00 AM,900,DAVIS ST,EVANSTON
Sat,08/18/2018 11:36:00 AM,900,DAVIS ST,EVANSTON
Fri,08/17/2018 09:34:00 AM,1600,BENSON AV,EVANSTON
Fri,08/17/2018 09:04:00 AM,1600,W. HOWARD,CHICAGO
Thu,08/16/2018 05:01:00 AM,1400,HINMAN AV,EVANSTON
Thu,08/16/2018 04:55:00 AM,1400,HINMAN AV,EVANSTON
Wed,08/15/2018 01:20:00 AM,1500,HOWARD ST,EVANSTON
Tue,08/14/2018 11:20:00 PM,1000,SEWARD ST/RIDGE AV,EVANSTON
Tue,08/14/2018 10:18:00 PM,2700,PRINCETON AV,EVANSTON
Tue,08/14/2018 10:17:00 PM,2700,PRINCETON AV,EVANSTON
Tue,08/14/2018 10:12:00 PM,2700,PRINCETON AV,EVANSTON
Tue,08/14/2018 04:18:00 PM,2000,DODGE AV,EVANSTON
Mon,08/13/2018 11:10:00 PM,800,CHICAGO AV/KEDZIE ST,EVANSTON
Mon,08/13/2018 07:38:00 PM,500,HOWARD,
Sat,08/11/2018 07:00:00 PM,2000,DEWEY AV,EVANSTON
Sat,08/11/2018 04:22:00 PM,100,CUSTER AV,EVANSTON
Thu,08/09/2018 09:25:00 PM,500,DEWEY AV,EVANSTON
Wed,08/08/2018 06:52:00 PM,1700,DODGE AV,EVANSTON
Mon,08/06/2018 04:38:00 PM,1900,OAKTON ST,EVANSTON
Fri,08/03/2018 10:35:00 PM,100,ELMWOOD AV,EVANSTON
Fri,08/03/2018 09:33:00 AM,,POPLAR/ISABELLA,
Thu,08/02/2018 04:35:00 PM,2800,RIDGE AV,EVANSTON
Wed,08/01/2018 08:18:00 PM,300,CUSTER AV,EVANSTON
Wed,08/01/2018 03:15:00 PM,1600,MONROE ST,EVANSTON
Mon,07/30/2018 08:49:00 PM,1100,HINMAN AV,EVANSTON
Mon,07/30/2018 05:58:00 PM,100,RIDGE AV,EVANSTON
Mon,07/30/2018 05:58:00 PM,100,RIDGE AV,EVANSTON
Mon,07/30/2018 05:58:00 PM,100,RIDGE AV,EVANSTON
Mon,07/30/2018 01:12:00 AM,1600,SIMPSON ST,EVANSTON
Sat,07/28/2018 08:11:00 PM,1300,OAK AV/DEMPSTER ST,EVANSTON
Sat,07/28/2018 06:22:00 PM,1100,HOWARD ST,EVANSTON
Sat,07/28/2018 03:59:00 PM,2200,OAKTON ST,EVANSTON
Sat,07/28/2018 10:59:00 AM,900,FOSTER ST,EVANSTON
Thu,07/26/2018 02:27:00 AM,1200,DEMPSTER ST,EVANSTON
Thu,07/26/2018 02:24:00 AM,1200,DEMPSTER ST,EVANSTON
Thu,07/26/2018 02:19:00 AM,1200,DEMPSTER ST,EVANSTON
Thu,07/26/2018 12:41:00 AM,1200,DEMPSTER ST,EVANSTON
Wed,07/25/2018 07:26:00 PM,300,CALLAN AV,EVANSTON
Wed,07/25/2018 07:16:00 PM,300,CALLAN AV,EVANSTON
Wed,07/25/2018 05:19:00 PM,1200,LEE ST,EVANSTON
Tue,07/24/2018 08:13:00 PM,1400,EMERSON ST,EVANSTON
Tue,07/24/2018 05:52:00 AM,3300,HOWARD ST/MC CORMICK BL,SKOKIE
Sun,07/22/2018 11:45:00 PM,1800,LELAND AV,EVANSTON
Wed,07/18/2018 08:38:00 PM,3500,DEMPSTER ST,SKOKIE
Wed,07/18/2018 02:28:00 PM,1800,HOWARD STREET,CHICAGO
Wed,07/18/2018 10:15:00 AM,1300,PITNER AV,EVANSTON
Wed,07/18/2018 10:15:00 AM,1300,PITNER AV,EVANSTON
Wed,07/18/2018 10:15:00 AM,1300,PITNER AV,EVANSTON
Tue,07/17/2018 08:04:00 PM,2000,EMERSON ST,EVANSTON
Sun,07/15/2018 08:47:00 PM,,HOWARD ST/CUSTER AV,
Sun,07/15/2018 05:13:00 PM,1800,FOSTER ST,EVANSTON
Sun,07/15/2018 01:08:00 AM,1900,RIDGE AV/GREEN BAY RD,EVANSTON
Fri,07/13/2018 08:30:00 PM,600,CLARK ST,EVANSTON
Fri,07/13/2018 03:35:00 AM,800,HOWARD ST/ELMWOOD AV,EVANSTON
Fri,07/13/2018 02:25:00 AM,800,HOWARD ST/ELMWOOD AV,EVANSTON
Thu,07/12/2018 04:51:00 PM,100,ASBURY AV,EVANSTON
Wed,07/11/2018 09:12:00 PM,2700,GROSS POINT RD,EVANSTON
Tue,07/10/2018 02:33:00 AM,2100,DARROW AV,EVANSTON
Mon,07/09/2018 04:58:00 PM,7400,N WESTERN AV,CHICAGO
Mon,07/09/2018 03:31:00 PM,1400,DOBSON ST,EVANSTON
Sun,07/08/2018 07:39:00 PM,1400,HARTREY AV,EVANSTON
Sat,07/07/2018 04:59:00 PM,2100,WESLEY AV,EVANSTON
Fri,07/06/2018 12:41:00 AM,1700,CHICAGO AV,EVANSTON
Thu,07/05/2018 01:14:00 AM,2400,CENTRAL ST,EVANSTON
Thu,07/05/2018 01:14:00 AM,2400,CENTRAL ST,EVANSTON
Thu,07/05/2018 01:14:00 AM,2400,CENTRAL ST,EVANSTON
Tue,07/03/2018 10:16:00 PM,800,DODGE AV,EVANSTON
Tue,07/03/2018 05:42:00 AM,2300,GREENLEAF ST/PITNER AV,EVANSTON
Sun,07/01/2018 07:55:00 PM,1300,HOWARD ST,EVANSTON
Sun,07/01/2018 04:29:00 PM,100,RIDGE AV,EVANSTON
Sat,06/30/2018 07:49:00 PM,1500,MAPLE AV,EVANSTON
Sat,06/30/2018 10:40:00 AM,1300,MCDANIEL AV,EVANSTON
Fri,06/29/2018 08:53:00 PM,1700,RIDGE AV,EVANSTON
Fri,06/29/2018 03:52:00 PM,2400,CENTRAL ST,EVANSTON
Thu,06/28/2018 11:53:00 PM,100,RIDGE AV,EVANSTON
Thu,06/28/2018 07:47:00 AM,1300,MCDANIEL AV,EVANSTON
Wed,06/27/2018 02:32:00 PM,1400,NOYES ST,EVANSTON
Wed,06/27/2018 12:20:00 PM,1700,BROWN AV,EVANSTON
Tue,06/26/2018 07:15:00 PM,2100,GREEN BAY RD/PAYNE ST,EVANSTON
Tue,06/26/2018 03:45:00 PM,300,CUSTER AV,EVANSTON
Tue,06/26/2018 03:38:00 AM,1300,DODGE AV,EVANSTON
Mon,06/25/2018 07:55:00 PM,7600,N WESTERN,CHICAGO
Mon,06/25/2018 07:35:00 PM,7400,N WESTERN,CHICAGO
Sun,06/24/2018 12:19:00 AM,1600,DODGE AV,EVANSTON
Sat,06/23/2018 04:34:00 AM,1400,DODGE AV/GREENWOOD ST,EVANSTON
Sat,06/23/2018 02:00:00 AM,1700,SIMPSON ST,EVANSTON
Sat,06/23/2018 01:29:00 AM,400,RIDGE AV,EVANSTON
Fri,06/22/2018 06:53:00 PM,2100,EMERSON ST,EVANSTON
Fri,06/22/2018 06:44:00 PM,600,HOWARD ST,EVANSTON
Fri,06/22/2018 12:23:00 AM,2000,DODGE AV/FOSTER ST,EVANSTON
Thu,06/21/2018 06:51:00 PM,1300,HOWARD ST,EVANSTON
Wed,06/20/2018 08:12:00 PM,7600,N HOWARD,CHICAGO
Wed,06/20/2018 07:26:00 PM,1900,EMERSON ST,EVANSTON
Wed,06/20/2018 05:39:00 PM,7400,N WESTERN,CHICAGO
Tue,06/19/2018 07:35:00 PM,7600,N SHERIDAN,CHICAGO
Tue,06/19/2018 05:12:00 PM,800,PITNER ALY,EVANSTON
Mon,06/18/2018 04:49:00 PM,,HERMITAGE/JUNEWAY,CHICAGO
Mon,06/18/2018 04:49:00 PM,7800,N HERMITAGE AV/W JUNEWAY TER,CHICAGO
Fri,06/15/2018 05:41:00 PM,1900,EMERSON ST,EVANSTON
Fri,06/15/2018 07:48:00 AM,100,ASBURY AV,EVANSTON
Fri,06/15/2018 07:48:00 AM,100,ASBURY AV,EVANSTON
Fri,06/15/2018 02:48:00 AM,1100,HOWARD ST,EVANSTON
Fri,06/15/2018 12:03:00 AM,2500,HOWARD ST,EVANSTON
Thu,06/14/2018 08:37:00 PM,1600,MADISON ST,EVANSTON
Wed,06/13/2018 06:02:00 PM,800,HOWARD ST,EVANSTON
Sat,06/09/2018 11:58:00 PM,300,DEWEY AV,EVANSTON
Sat,06/09/2018 06:04:00 PM,1000,AUSTIN ST,EVANSTON
Sat,06/09/2018 02:09:00 PM,2000,WARREN ST,EVANSTON
Fri,06/08/2018 09:01:00 PM,1300,DODGE AV,EVANSTON
Fri,06/08/2018 06:53:00 PM,7200,MCCORMICK,SKOKIE
Fri,06/08/2018 06:10:00 PM,300,HOWARD ST,EVANSTON
Fri,06/08/2018 06:05:00 PM,300,HOWARD ST,EVANSTON
Fri,06/08/2018 01:23:00 AM,1900,GREEN BAY RD,EVANSTON
Thu,06/07/2018 03:36:00 PM,1000,MCDANIEL AV,EVANSTON
Thu,06/07/2018 12:10:00 AM,600,HOWARD ST,EVANSTON
Wed,06/06/2018 08:46:00 AM,600,CASE PL,EVANSTON
Wed,06/06/2018 08:46:00 AM,600,CASE PL,EVANSTON
Wed,06/06/2018 08:46:00 AM,600,CASE PL,EVANSTON
Wed,06/06/2018 08:46:00 AM,600,CASE PL,EVANSTON
Wed,06/06/2018 08:46:00 AM,600,CASE PL,EVANSTON
Wed,06/06/2018 08:46:00 AM,600,CASE PL,EVANSTON
Tue,06/05/2018 06:26:00 PM,700,DOBSON ST,EVANSTON
Tue,06/05/2018 04:00:00 PM,2500,POPLAR AV,EVANSTON
Tue,06/05/2018 03:55:00 PM,1900,CENTRAL ST,EVANSTON
Tue,06/05/2018 03:11:00 PM,700,HULL TER/CUSTER AV,EVANSTON
Mon,06/04/2018 10:07:00 AM,2000,W HOWARD ST,CHICAGO
Fri,06/01/2018 07:42:00 PM,100,SHERIDAN RD,EVANSTON
Fri,06/01/2018 07:36:00 PM,100,SHERIDAN RD,EVANSTON
Fri,06/01/2018 07:34:00 PM,100,SHERIDAN RD,EVANSTON
Fri,06/01/2018 07:25:00 PM,100,SHERIDAN RD,EVANSTON
Fri,06/01/2018 01:56:00 PM,2100,DARROW AV,EVANSTON
Fri,06/01/2018 01:48:00 PM,2000,DARROW AV,EVANSTON
Fri,06/01/2018 01:48:00 PM,2000,DARROW AV,EVANSTON
Thu,05/31/2018 08:10:00 PM,300,CUSTER AV,EVANSTON
Thu,05/31/2018 08:10:00 PM,300,CUSTER AV,EVANSTON
Thu,05/31/2018 06:24:00 PM,2400,MAIN ST,EVANSTON
Thu,05/31/2018 06:24:00 PM,2400,MAIN ST,EVANSTON
Thu,05/31/2018 01:00:00 PM,1000,OAK ST,WINNETKA
Thu,05/31/2018 03:21:00 AM,1900,DEMPSTER ST,EVANSTON
Tue,05/29/2018 12:36:00 PM,1500,CHICAGO AV,EVANSTON
Mon,05/28/2018 08:13:00 PM,800,MAIN ST,EVANSTON
Mon,05/28/2018 05:19:00 PM,1900,OAKTON ST,EVANSTON
Mon,05/28/2018 04:11:00 PM,1200,DODGE AV,EVANSTON
Sun,05/27/2018 07:53:00 PM,1900,CHURCH ST,EVANSTON
Sun,05/27/2018 07:39:00 PM,,SHERIDAN/HOWARD,CHICAGO
Sat,05/26/2018 06:34:00 PM,600,HOWARD ST,EVANSTON
Sat,05/26/2018 03:41:00 PM,700,MULFORD ST,EVANSTON
Sat,05/26/2018 04:52:00 AM,1000,LAKE ST,EVANSTON
Thu,05/24/2018 06:53:00 PM,1700,EMERSON ST,EVANSTON
Tue,05/22/2018 08:49:00 PM,500,ASBURY AV,EVANSTON
Tue,05/22/2018 08:49:00 PM,500,ASBURY AV,EVANSTON
Tue,05/22/2018 06:04:00 PM,1000,DAVIS ST,EVANSTON
Tue,05/22/2018 03:20:00 PM,1900,CHURCH ST/DODGE AV,EVANSTON
Tue,05/22/2018 12:43:00 AM,400,RIDGE AV,EVANSTON
Mon,05/21/2018 05:12:00 PM,400,ASBURY AV,EVANSTON
Mon,05/21/2018 04:30:00 PM,100,RIDGE AV,EVANSTON
Fri,05/18/2018 07:27:00 PM,1400,CHICAGO AV,EVANSTON
Tue,05/15/2018 04:00:00 PM,2800,CENTRAL ST,EVANSTON
Mon,05/14/2018 05:05:00 PM,600,DODGE AV,EVANSTON
Fri,05/11/2018 11:15:00 PM,600,SOUTH BL,EVANSTON
Fri,05/11/2018 09:56:00 PM,600,SOUTH BL,EVANSTON
Fri,05/11/2018 09:56:00 PM,600,SOUTH BL,EVANSTON
Fri,05/11/2018 09:56:00 PM,600,SOUTH BL,EVANSTON
Fri,05/11/2018 09:56:00 PM,600,SOUTH BL,EVANSTON
Thu,05/10/2018 07:14:00 PM,1800,LYONS ST,EVANSTON
Thu,05/10/2018 07:01:00 PM,7300,WINCHESTER,CHICAGO
Wed,05/09/2018 08:05:00 PM,2700,MAIN,SKOKIE
Tue,05/08/2018 06:22:00 PM,2700,BRYANT AV,EVANSTON
Tue,05/08/2018 05:11:00 PM,2700,BRYANT AV,EVANSTON
Tue,05/08/2018 05:11:00 PM,2700,BRYANT AV,EVANSTON
Mon,05/07/2018 06:47:00 PM,1700,DARROW AV,EVANSTON
Sun,05/06/2018 06:32:00 PM,2000,BROWN AV,EVANSTON
Wed,05/02/2018 08:01:00 PM,1700,FOSTER ST,EVANSTON
Wed,05/02/2018 04:00:00 PM,1700,FOSTER ST,EVANSTON
Tue,05/01/2018 05:40:00 PM,700,DOBSON ST,EVANSTON
Mon,04/30/2018 06:50:00 PM,1200,HULL TER,EVANSTON
Mon,04/30/2018 06:47:00 PM,1200,HULL TER,EVANSTON
Sun,04/29/2018 08:06:00 AM,1800,FOSTER ST,EVANSTON
Sun,04/29/2018 08:06:00 AM,1800,FOSTER ST,EVANSTON
Sun,04/29/2018 08:06:00 AM,1800,FOSTER ST,EVANSTON
Sun,04/29/2018 12:48:00 AM,2100,DARROW AV,EVANSTON
Sat,04/28/2018 09:50:00 PM,2100,CLEVELAND ST,EVANSTON
Sat,04/28/2018 09:50:00 PM,2100,CLEVELAND ST,EVANSTON
Sat,04/28/2018 12:03:00 AM,2100,GREEN BAY RD/SIMPSON ST,EVANSTON
Fri,04/27/2018 05:45:00 PM,1100,HOWARD ST,EVANSTON
Fri,04/27/2018 02:43:00 PM,1200,GREENWOOD ST/RIDGE AV,EVANSTON
Fri,04/27/2018 02:14:00 PM,700,HOWARD ST,EVANSTON
Fri,04/27/2018 01:21:00 PM,1900,RIDGE AV,EVANSTON
Fri,04/27/2018 11:16:00 AM,1500,ELMWOOD AV,EVANSTON
Fri,04/27/2018 02:05:00 AM,500,ASBURY AV/SOUTH BL,EVANSTON
Thu,04/26/2018 03:54:00 PM,1700,HOVLAND CT,EVANSTON
Wed,04/25/2018 07:48:00 PM,9400,CENTRAL PARK,SKOKIE
Tue,04/24/2018 07:51:00 AM,1800,EMERSON ST,EVANSTON
Tue,04/24/2018 12:15:00 AM,1400,CHICAGO AV,EVANSTON
Mon,04/23/2018 06:00:00 PM,1900,EMERSON ST,EVANSTON
Mon,04/23/2018 06:00:00 PM,1900,EMERSON ST,EVANSTON
Sun,04/22/2018 04:28:00 AM,1800,SIMPSON ST,EVANSTON
Sat,04/21/2018 05:04:00 PM,1600,MONROE ST,EVANSTON
Fri,04/20/2018 08:47:00 PM,900,CHICAGO AV,EVANSTON
Fri,04/20/2018 06:15:00 PM,7500,N WESTERN,CHICAGO
Fri,04/20/2018 04:05:00 PM,1300,SEWARD ST/ASBURY AV,EVANSTON
Wed,04/18/2018 04:15:00 AM,400,ELMWOOD AV,EVANSTON
Wed,04/18/2018 01:58:00 AM,2000,DARROW AV,EVANSTON
Mon,04/16/2018 08:10:00 PM,1300,HOWARD ST,EVANSTON
Sun,04/15/2018 07:52:00 PM,2100,SHERIDAN RD,EVANSTON
Sat,04/14/2018 04:50:00 PM,600,CUSTER AV,EVANSTON
Sat,04/14/2018 04:44:00 PM,600,CUSTER AV,EVANSTON
Sat,04/14/2018 12:40:00 AM,2500,HOWARD ST,EVANSTON
Fri,04/13/2018 08:28:00 PM,2300,GREEN BAY RD,EVANSTON
Fri,04/13/2018 07:42:00 PM,2000,OAKTON ST,EVANSTON
Fri,04/13/2018 06:49:00 PM,2000,OAKTON ST,EVANSTON
Thu,04/12/2018 02:00:00 AM,2000,WESLEY AV,EVANSTON
Wed,04/11/2018 04:07:00 PM,,MCCORMICK BL/GOLF RD,SKOKIE
Tue,04/10/2018 08:19:00 PM,2700,BRYANT AV,EVANSTON
Tue,04/10/2018 05:34:00 PM,200,RICHMOND AV,EVANSTON
Tue,04/10/2018 05:34:00 PM,200,RICHMOND AV,EVANSTON
Tue,04/10/2018 05:34:00 PM,200,RICHMOND AV,EVANSTON
Thu,04/05/2018 02:30:00 AM,400,SHERMAN AV,EVANSTON
Thu,04/05/2018 01:28:00 AM,2000,FOSTER ST/BROWN AV,EVANSTON
Wed,04/04/2018 03:36:00 PM,1900,DODGE AV,EVANSTON
Sun,04/01/2018 03:31:00 AM,1500,EMERSON ST,EVANSTON
Sat,03/31/2018 11:56:00 PM,1800,ASHLAND AV,EVANSTON
Sat,03/31/2018 06:39:00 PM,100,CLYDE AV,EVANSTON
Thu,03/29/2018 07:14:00 PM,2300,OAKTON ST,EVANSTON
Thu,03/29/2018 07:14:00 PM,2300,OAKTON ST,EVANSTON
Thu,03/29/2018 07:14:00 PM,2300,OAKTON ST,EVANSTON
Thu,03/29/2018 03:22:00 AM,2600,ELGIN RD/MCDANIEL AV,EVANSTON
Thu,03/29/2018 12:45:00 AM,600,SHERIDAN SQ,EVANSTON
Wed,03/28/2018 11:40:00 PM,500,CUSTER AV/OAKTON ST,EVANSTON
Wed,03/28/2018 09:01:00 PM,900,DEMPSTER ST,EVANSTON
Tue,03/27/2018 11:46:00 PM,1300,HOWARD ST,EVANSTON
Mon,03/26/2018 09:01:00 PM,1400,W HOWARD ST/N SHERIDAN RD,CHICAGO
Sat,03/24/2018 01:01:00 AM,100,CHICAGO AV,EVANSTON
Fri,03/23/2018 07:10:00 PM,600,SHERMAN AV,EVANSTON
Fri,03/23/2018 01:32:00 PM,400,ASBURY AV,EVANSTON
Thu,03/22/2018 08:19:00 PM,100,CHICAGO AV,EVANSTON
Wed,03/21/2018 05:21:00 AM,2200,GREEN BAY RD,EVANSTON
Tue,03/20/2018 01:02:00 AM,9500,LINCOLNWOOD DR,SKOKIE
Mon,03/19/2018 04:58:00 PM,100,DODGE AV,EVANSTON
Sun,03/18/2018 05:56:00 AM,1900,ASBURY AV,EVANSTON
Sat,03/17/2018 07:11:00 PM,300,BARTON AV/HARVARD TER,EVANSTON
Sat,03/17/2018 07:11:00 PM,300,BARTON AV/HARVARD TER,EVANSTON
Sat,03/17/2018 06:27:00 PM,2000,HARRISON ST,EVANSTON
Fri,03/16/2018 04:28:00 PM,600,CASE PL,EVANSTON
Thu,03/15/2018 05:06:00 AM,1400,CHURCH ST,EVANSTON
Thu,03/15/2018 03:27:00 AM,,HOWARD/SHERIDAN,
Thu,03/15/2018 01:56:00 AM,,HOWARD/SHERIDAN,CHICAGO
Wed,03/14/2018 07:18:00 PM,1100,BRUMMEL ST,EVANSTON
Wed,03/14/2018 07:18:00 PM,1100,BRUMMEL ST,EVANSTON
Wed,03/14/2018 07:18:00 PM,1100,BRUMMEL ST,EVANSTON
Wed,03/14/2018 05:30:00 AM,1800,GREY AV,EVANSTON
Tue,03/13/2018 05:28:00 PM,900,DODGE AV,EVANSTON
Mon,03/12/2018 08:56:00 AM,2700,RIDGE AV,EVANSTON
Sat,03/10/2018 09:36:00 PM,600,DEWEY AV/KEENEY ST,EVANSTON
Sat,03/10/2018 03:56:00 PM,1300,HOWARD ST,EVANSTON
Fri,03/09/2018 07:22:00 PM,1300,HOWARD ST,EVANSTON
Fri,03/09/2018 01:55:00 AM,1900,GREENLEAF ST,EVANSTON
Thu,03/08/2018 04:47:00 PM,1400,GREY AV,EVANSTON
Thu,03/08/2018 03:49:00 PM,,DEMPSTER/EWING,SKOKIE
Thu,03/08/2018 03:46:00 PM,,DEMPSTER/EWING,SKOKIE
Thu,03/08/2018 03:25:00 PM,1700,DARROW AV,EVANSTON
Thu,03/08/2018 02:20:00 PM,,DEMPSTER/EWING,SKOKIE
Thu,03/08/2018 02:20:00 PM,,DEMPSTER/EWING,SKOKIE
Wed,03/07/2018 07:30:00 PM,1900,CENTRAL ST,EVANSTON
Tue,03/06/2018 10:25:00 PM,1800,W HOWARD,CHICAGO
Tue,03/06/2018 04:53:00 PM,7400,N CLARK ST,CHICAGO
Tue,03/06/2018 02:59:00 PM,1600,OAKTON ST,EVANSTON
Tue,03/06/2018 02:59:00 PM,1600,OAKTON ST,EVANSTON
Tue,03/06/2018 02:59:00 PM,1600,OAKTON ST,EVANSTON
Sun,03/04/2018 04:26:00 AM,1400,CHICAGO AV,EVANSTON
Sat,03/03/2018 12:29:00 AM,100,CALLAN AV,EVANSTON
Sat,03/03/2018 12:29:00 AM,100,CALLAN AV,EVANSTON
Fri,03/02/2018 12:56:00 PM,1100,HOWARD ST,EVANSTON
Thu,03/01/2018 07:30:00 PM,,OAKTON ST/MCCORMICK BL,SKOKIE
Thu,03/01/2018 05:29:00 PM,1700,FOSTER ST,EVANSTON
Wed,02/28/2018 11:18:00 PM,1100,MCDANIEL AV/GREENLEAF ST,EVANSTON
Wed,02/28/2018 10:19:00 AM,1800,HARTREY AV,EVANSTON
Wed,02/28/2018 09:37:00 AM,2200,EMERSON ST/HARTREY AV,EVANSTON
Wed,02/28/2018 08:09:00 AM,1900,EMERSON ST,EVANSTON
Tue,02/27/2018 04:46:00 PM,1900,FOSTER ST,EVANSTON
Tue,02/27/2018 12:50:00 PM,7422 N,WESTERN AVE,CHICAGO
Tue,02/27/2018 12:50:00 PM,7422 N,WESTERN AVE,CHICAGO
Tue,02/27/2018 12:00:00 PM,1700,SHERMAN AV,EVANSTON
Mon,02/26/2018 04:07:00 AM,2900,W BIRCHWOOD,CHICAGO
Mon,02/26/2018 01:02:00 AM,2000,WASHINGTON ST/BROWN AV,EVANSTON
Sun,02/25/2018 10:40:00 PM,800,DAVIS ST/SHERMAN AV,EVANSTON
Sun,02/25/2018 04:24:00 PM,2100,ASHLAND AV,EVANSTON
Sun,02/25/2018 04:24:00 PM,2100,ASHLAND AV,EVANSTON
Sun,02/25/2018 04:24:00 PM,2100,ASHLAND AV,EVANSTON
Sat,02/24/2018 09:21:00 PM,1000,HOWARD ST,EVANSTON
Sat,02/24/2018 04:30:00 AM,2000,DODGE AV,EVANSTON
Fri,02/23/2018 01:27:00 PM,800,DODGE AV,EVANSTON
Fri,02/23/2018 12:47:00 PM,1300,ASBURY AV,EVANSTON
Thu,02/22/2018 04:46:00 PM,1800,DEMPSTER ST,EVANSTON
Thu,02/22/2018 09:29:00 AM,8500,DRAKE AVE,SKOKIE
Wed,02/21/2018 06:56:00 PM,1100,MCDANIEL AV,EVANSTON
Tue,02/20/2018 06:53:00 PM,800,HOWARD ST,EVANSTON
Mon,02/19/2018 06:44:00 PM,1300,SHERMAN AV,EVANSTON
Sun,02/18/2018 08:01:00 PM,1700,MCCORMICK BL,SKOKIE
Sat,02/17/2018 06:29:00 PM,1700,SHERMAN AV,EVANSTON
Thu,02/15/2018 10:49:00 PM,1600,BENSON AV,EVANSTON
Wed,02/14/2018 07:54:00 PM,900,CHURCH ST,EVANSTON
Wed,02/14/2018 07:50:00 PM,2000,EMERSON ST,EVANSTON
Wed,02/14/2018 07:50:00 PM,2000,EMERSON ST,EVANSTON
Wed,02/14/2018 07:22:00 PM,2200,CHURCH ST,EVANSTON
Wed,02/14/2018 05:40:00 PM,2100,CHURCH ST,EVANSTON
Tue,02/13/2018 05:31:00 PM,1900,HOWARD ST/DODGE AV,EVANSTON
Tue,02/13/2018 05:15:00 PM,1500,SIMPSON ST,EVANSTON
Tue,02/13/2018 04:40:00 PM,2400,HOWARD ST,EVANSTON
Mon,02/12/2018 06:46:00 PM,500,HOWARD ST/CHICAGO AV,EVANSTON
Mon,02/12/2018 06:27:00 PM,,7600 N BELL,CHICAGO
Sun,02/11/2018 08:44:00 PM,400,RIDGE AV,EVANSTON
Sun,02/11/2018 08:44:00 PM,400,RIDGE AV,EVANSTON
Sat,02/10/2018 09:00:00 PM,700,MAIN ST,EVANSTON
Sat,02/10/2018 03:25:00 AM,100,ASBURY AV,EVANSTON
Sat,02/10/2018 02:33:00 AM,100,ASBURY AV,EVANSTON
Fri,02/09/2018 01:07:00 AM,1900,BRUMMEL ST/DODGE AV,EVANSTON
Thu,02/08/2018 11:12:00 PM,1700,SHERMAN AV,EVANSTON
Thu,02/08/2018 09:03:00 PM,1000,FOWLER AV/NATHANIEL PL,EVANSTON
Thu,02/08/2018 02:17:00 AM,300,DODGE AV,EVANSTON
Thu,02/08/2018 01:24:00 AM,1700,SHERMAN AV,EVANSTON
Wed,02/07/2018 06:10:00 PM,400,CUSTER AV,EVANSTON
Wed,02/07/2018 03:08:00 PM,3200,GRANT ST,EVANSTON
Wed,02/07/2018 02:58:00 PM,3200,GRANT ST,EVANSTON
Tue,02/06/2018 11:12:00 PM,100,ASBURY AV,EVANSTON
Tue,02/06/2018 09:32:00 AM,1800,FOSTER ST,EVANSTON
Sun,02/04/2018 10:45:00 PM,2400,MAIN ST,EVANSTON
Sun,02/04/2018 10:45:00 PM,2400,MAIN ST,EVANSTON
Sun,02/04/2018 06:15:00 PM,1200,CHICAGO AV,EVANSTON
Sun,02/04/2018 06:14:00 PM,1600,DODGE AV,EVANSTON
Sun,02/04/2018 01:37:00 AM,700,FOSTER ST/ORRINGTON AV,EVANSTON
Sat,02/03/2018 08:51:00 PM,1900,JACKSON AV,EVANSTON
Sat,02/03/2018 06:13:00 PM,2500,OAKTON ST,EVANSTON
Thu,02/01/2018 05:03:00 PM,1900,HOWARD ST,EVANSTON
Thu,02/01/2018 05:03:00 PM,1900,HOWARD ST,EVANSTON
Thu,02/01/2018 05:03:00 PM,1900,HOWARD ST,EVANSTON
Thu,02/01/2018 04:23:00 PM,2100,EMERSON ST,EVANSTON
Thu,02/01/2018 02:14:00 AM,200,CUSTER AV/CASE ST,EVANSTON
Wed,01/31/2018 10:22:00 PM,,MAIN/CHRISTIANA,SKOKIE
Wed,01/31/2018 05:45:00 PM,1700,FOSTER ST,EVANSTON
Wed,01/31/2018 03:59:00 AM,800,DAVIS ST,EVANSTON
Wed,01/31/2018 12:49:00 AM,1800,LAKE ST,EVANSTON
Tue,01/30/2018 03:23:00 PM,1400,NOYES ST,EVANSTON
Tue,01/30/2018 10:59:00 AM,600,CASE PL,EVANSTON
Tue,01/30/2018 02:50:00 AM,300,CALLAN AV,EVANSTON
Mon,01/29/2018 04:52:00 PM,1800,DEMPSTER ST,EVANSTON
Mon,01/29/2018 01:24:00 AM,100,CALLAN AV,EVANSTON
Sun,01/28/2018 08:40:00 PM,3100,NORMANDY PL/LAWNDALE AV,EVANSTON
Sun,01/28/2018 06:46:00 PM,300,HOWARD ST,EVANSTON
Sun,01/28/2018 05:58:00 PM,800,DODGE AV,EVANSTON
Sun,01/28/2018 02:53:00 PM,2100,GREEN BAY RD,EVANSTON
Sun,01/28/2018 01:47:00 PM,3200,GRANT ST,EVANSTON
Sat,01/27/2018 09:10:00 PM,1300,OAKTON ST/ASBURY AV,EVANSTON
Sat,01/27/2018 08:30:00 PM,1900,MCDANIEL AV,EVANSTON
Sat,01/27/2018 04:21:00 PM,1900,DARROW AV/EMERSON ST,EVANSTON
Sat,01/27/2018 01:56:00 AM,600,SHERIDAN SQ,EVANSTON
Fri,01/26/2018 11:47:00 PM,1200,HOWARD ST,EVANSTON
Fri,01/26/2018 10:45:00 PM,1600,CRAIN ST/FLORENCE AV,EVANSTON
Fri,01/26/2018 07:28:00 PM,7400,N CLARK,CHICAGO
Thu,01/25/2018 11:47:00 PM,1200,HOWARD ST,EVANSTON
Tue,01/23/2018 05:15:00 PM,200,RICHMOND AV,EVANSTON
Tue,01/23/2018 05:15:00 PM,200,RICHMOND AV,EVANSTON
Tue,01/23/2018 01:10:00 AM,1900,JACKSON AV,EVANSTON
Mon,01/22/2018 09:44:00 PM,1700,MAPLE AV,EVANSTON
Mon,01/22/2018 06:05:00 PM,900,CHICAGO AV,EVANSTON
Mon,01/22/2018 06:04:00 PM,1500,DARROW AV,EVANSTON
Sun,01/21/2018 10:15:00 PM,1700,W JUNEWAY,CHICAGO
Sun,01/21/2018 09:30:00 PM,,CHICAGO/ JONQUIL TERRACE,CHICAOGO
Sun,01/21/2018 06:12:00 PM,7600,N PAULINA,CHICAGO
Sun,01/21/2018 05:56:00 PM,7600,N PAULINA,CHICAGO
Sat,01/20/2018 08:44:00 PM,7400,WOLCOTT AV,CHICAGO
Sat,01/20/2018 08:44:00 PM,7400,WOLCOTT,CHICAGO
Sat,01/20/2018 12:52:00 AM,1300,LEE ST/ASBURY AV,EVANSTON
Fri,01/19/2018 09:04:00 PM,1800,LYONS ST,EVANSTON
Fri,01/19/2018 06:30:00 PM,1900,MC DANIEL AV,EVANSTON
Fri,01/19/2018 06:13:00 PM,300,DODGE AV,EVANSTON
Fri,01/19/2018 06:11:00 PM,300,DODGE AV,EVANSTON
Fri,01/19/2018 02:30:00 AM,200,LAKE ST,EVANSTON
Tue,01/16/2018 09:37:00 PM,1100,LEONARD PL,EVANSTON
Tue,01/16/2018 09:19:00 PM,1100,LEONARD PL,EVANSTON
Tue,01/16/2018 04:22:00 PM,1900,WESLEY AV,EVANSTON
Mon,01/15/2018 09:56:00 PM,1200,DARROW AV,EVANSTON
Mon,01/15/2018 09:56:00 PM,1200,DARROW AV,EVANSTON
Mon,01/15/2018 08:43:00 PM,700,HOWARD ST,EVANSTON
Mon,01/15/2018 07:34:00 PM,500,ASBURY AV,EVANSTON
Mon,01/15/2018 07:29:00 PM,500,ASBURY AV,EVANSTON
Mon,01/15/2018 07:18:00 PM,500,ASBURY AV,EVANSTON
Mon,01/15/2018 04:36:00 PM,600,HOWARD,
Mon,01/15/2018 02:11:00 PM,,HOWARD/MARSHFIELD,CHICAGO
Sun,01/14/2018 09:56:00 PM,1200,DARROW AV,EVANSTON
Sun,01/14/2018 08:37:00 PM,100,CHICAGO AV,EVANSTON
Sun,01/14/2018 06:33:00 PM,100,CHICAGO AV,EVANSTON
Sun,01/14/2018 02:15:00 AM,500,KEDZIE ST/HINMAN AV,EVANSTON
Sat,01/13/2018 11:20:00 PM,1700,SHERMAN AV,EVANSTON
Sat,01/13/2018 09:33:00 PM,400,HOWARD ST,EVANSTON
Sat,01/13/2018 06:25:00 PM,1700,HOWARD ST/PAULINA ST,CHICAGO
Sat,01/13/2018 05:00:00 PM,7600,N PAULINA,CHICAGO
Sat,01/13/2018 01:35:00 AM,1800,LAUREL AV,EVANSTON
Sat,01/13/2018 01:35:00 AM,1800,LAUREL AV,EVANSTON
Fri,01/12/2018 11:17:00 PM,1400,CLEVELAND ST,EVANSTON
Fri,01/12/2018 11:17:00 PM,1400,CLEVELAND ST,EVANSTON
Fri,01/12/2018 11:17:00 PM,1400,CLEVELAND ST,EVANSTON
Fri,01/12/2018 11:17:00 PM,1400,CLEVELAND ST,EVANSTON
Fri,01/12/2018 11:35:00 AM,3400,DEMPSTER,SKOKIE
Thu,01/11/2018 11:29:00 PM,1100,HOWARD ST,EVANSTON
Thu,01/11/2018 11:29:00 PM,1100,HOWARD ST,EVANSTON
Thu,01/11/2018 11:29:00 PM,1100,HOWARD ST,EVANSTON
Thu,01/11/2018 11:29:00 PM,1100,HOWARD ST,EVANSTON
Thu,01/11/2018 11:29:00 PM,1100,HOWARD ST,EVANSTON
Thu,01/11/2018 11:29:00 PM,1100,HOWARD ST,EVANSTON
Thu,01/11/2018 04:12:00 PM,2200,PRAIRIE AV/MCCORMICK BL,EVANSTON
Thu,01/11/2018 03:56:00 PM,2300,PRAIRIE AV/MC CORMICK BL,EVANSTON
Thu,01/11/2018 03:27:00 PM,1400,HOWARD ST,EVANSTON
Thu,01/11/2018 03:27:00 PM,1400,HOWARD ST,EVANSTON
Thu,01/11/2018 03:27:00 PM,1400,HOWARD ST,EVANSTON
Thu,01/11/2018 03:27:00 PM,1400,HOWARD ST,EVANSTON
Thu,01/11/2018 01:13:00 PM,1400,HOWARD ST,EVANSTON
Thu,01/11/2018 02:54:00 AM,1200,GREENWOOD ST/RIDGE AV,EVANSTON
Thu,01/11/2018 01:38:00 AM,1200,GREENWOOD ST/RIDGE AV,EVANSTON
Wed,01/10/2018 03:56:00 PM,2400,NATHANIEL PL,EVANSTON
Wed,01/10/2018 03:05:00 PM,1400,RIDGE AV/GREENWOOD ST,EVANSTON
Wed,01/10/2018 01:28:00 PM,400,RIDGE AV,EVANSTON
Wed,01/10/2018 01:30:00 AM,200,DODGE AV,EVANSTON
Tue,01/09/2018 05:35:00 PM,1000,UNIVERSITY PL,EVANSTON
Tue,01/09/2018 05:35:00 PM,1000,UNIVERSITY PL,EVANSTON
Tue,01/09/2018 05:35:00 PM,1000,UNIVERSITY PL,EVANSTON
Mon,01/08/2018 11:58:00 PM,1300,OAK AV,EVANSTON
Sun,01/07/2018 10:12:00 PM,1300,RIDGE AV/DEMPSTER ST,EVANSTON
Sun,01/07/2018 03:50:00 PM,800,CHICAGO AV,EVANSTON
Sat,01/06/2018 06:50:00 PM,1500,EMERSON ST/ASHLAND AV,EVANSTON
Sat,01/06/2018 05:34:00 PM,1500,EMERSON ST/ASHLAND AV,EVANSTON
Sat,01/06/2018 05:34:00 PM,1500,EMERSON ST/ASHLAND AV,EVANSTON
Sat,01/06/2018 05:34:00 PM,1500,EMERSON ST/ASHLAND AV,EVANSTON
Fri,01/05/2018 07:20:00 PM,1900,EMERSON ST,EVANSTON
Fri,01/05/2018 04:44:00 PM,1800,ASHLAND AV,EVANSTON
Tue,01/02/2018 12:30:00 AM,1500,WASHINGTON ST,EVANSTON
Sun,12/31/2017 03:13:00 PM,800,OAKTON ST/SHERMAN AV,EVANSTON
Sat,12/30/2017 03:56:00 PM,2100,GREENLEAF ST/GREY AV,EVANSTON
Sat,12/30/2017 03:56:00 PM,2100,GREENLEAF ST/GREY AV,EVANSTON
Sat,12/30/2017 03:56:00 PM,2100,GREENLEAF ST/GREY AV,EVANSTON
Thu,12/28/2017 06:22:00 AM,2400,EMERSON ST/LELAND AV,EVANSTON
Tue,12/26/2017 08:16:00 PM,2400,JACKSON AV,EVANSTON
Tue,12/26/2017 08:16:00 PM,2400,JACKSON AV,EVANSTON
Tue,12/26/2017 08:16:00 PM,2400,JACKSON AV,EVANSTON
Tue,12/26/2017 08:16:00 PM,2400,JACKSON AV,EVANSTON
Sun,12/24/2017 07:47:00 AM,800,HOWARD ST,EVANSTON
Sat,12/23/2017 10:45:00 PM,2000,GREEN BAY RD,EVANSTON
Fri,12/22/2017 05:55:00 PM,2000,EMERSON ST,EVANSTON
Fri,12/22/2017 04:15:00 PM,1800,HARTREY AV/LYONS ST,EVANSTON
Thu,12/21/2017 09:10:00 PM,7300,N. CLARK,CHICAGO
Thu,12/21/2017 02:30:00 PM,2600,EMERSON,
Thu,12/21/2017 11:15:00 AM,200,KEENEY ST,EVANSTON
Mon,12/18/2017 08:53:00 AM,1300,FOWLER AV,EVANSTON
Sun,12/17/2017 02:29:00 AM,1400,BROWN AV,EVANSTON
Sat,12/16/2017 11:15:00 PM,1100,HOWARD ST,EVANSTON
Sat,12/16/2017 09:51:00 PM,1800,GREY AV,EVANSTON
Fri,12/15/2017 12:49:00 PM,1800,LELAND AV,EVANSTON
Fri,12/15/2017 10:54:00 AM,1800,LELAND AV,EVANSTON
Thu,12/14/2017 09:21:00 PM,700,FLORENCE AV,EVANSTON
Thu,12/14/2017 06:16:00 PM,700,FLORENCE AV,EVANSTON
Thu,12/14/2017 06:13:00 PM,700,FLORENCE AV,EVANSTON
Thu,12/14/2017 06:13:00 PM,700,FLORENCE AV,EVANSTON
Wed,12/13/2017 09:10:00 AM,1500,SHERMAN AV,EVANSTON
Tue,12/12/2017 03:55:00 PM,1100,CHURCH ST,EVANSTON
Mon,12/11/2017 11:31:00 PM,2100,JACKSON AV,EVANSTON
Sun,12/10/2017 11:51:00 PM,2000,HOWARD ST/SEELEY AV,CHICAGO
Sun,12/10/2017 03:18:00 AM,800,DAVIS ST,EVANSTON
Sun,12/10/2017 01:31:00 AM,1100,HOWARD ST,EVANSTON
Sat,12/09/2017 08:09:00 PM,200,RICHMOND AV,EVANSTON
Fri,12/08/2017 04:06:00 PM,1900,HARTREY AV,EVANSTON
Fri,12/08/2017 04:06:00 PM,1900,HARTREY AV,EVANSTON
Wed,12/06/2017 06:57:00 PM,3300,GOLF RD,SKOKIE
Wed,12/06/2017 06:57:00 PM,3300,GOLF RD,SKOKIE
Tue,12/05/2017 07:29:00 PM,2300,BROWN AV,EVANSTON
Tue,12/05/2017 05:25:00 PM,1700,HARTREY AV,EVANSTON
Tue,12/05/2017 12:52:00 AM,1900,GREY AV,EVANSTON
Mon,12/04/2017 07:39:00 PM,1800,DARROW AV,EVANSTON
Mon,12/04/2017 06:58:00 PM,1900,WESLEY AV,EVANSTON
Sun,12/03/2017 01:34:00 AM,1600,CHICAGO AV,EVANSTON
Sun,12/03/2017 01:34:00 AM,1600,CHICAGO AV,EVANSTON
Fri,12/01/2017 09:56:00 PM,1900,EMERSON ST,EVANSTON
Fri,12/01/2017 06:26:00 PM,1300,DEWEY AV,EVANSTON
Fri,12/01/2017 04:27:00 PM,1300,DEWEY AV,EVANSTON
Fri,12/01/2017 04:27:00 PM,1300,DEWEY AV,EVANSTON
Thu,11/30/2017 10:24:00 PM,2200,ASBURY AV,EVANSTON
Thu,11/30/2017 10:56:00 AM,1600,BENSON AV,EVANSTON
Wed,11/29/2017 10:35:00 PM,1900,JACKSON AV,EVANSTON
Wed,11/29/2017 09:46:00 PM,1900,JACKSON AV,EVANSTON
Wed,11/29/2017 07:21:00 PM,1500,PITNER AV,EVANSTON
Wed,11/29/2017 09:44:00 AM,400,HOWARD ST,EVANSTON
Wed,11/29/2017 09:29:00 AM,400,HOWARD ST,EVANSTON
Tue,11/28/2017 08:30:00 PM,700,HOWARD ST,EVANSTON
Tue,11/28/2017 08:30:00 PM,700,HOWARD ST,EVANSTON
Tue,11/28/2017 08:30:00 PM,700,HOWARD ST,EVANSTON
Tue,11/28/2017 08:30:00 PM,700,HOWARD ST,EVANSTON
Mon,11/27/2017 05:21:00 PM,1800,BENSON AV,EVANSTON
Mon,11/27/2017 05:21:00 PM,1800,BENSON AV,EVANSTON
Sat,11/25/2017 03:05:00 PM,2000,GREEN BAY RD,EVANSTON
Sat,11/25/2017 03:05:00 PM,2000,GREEN BAY RD,EVANSTON
Fri,11/24/2017 07:16:00 PM,1900,LAKE ST,EVANSTON
Fri,11/24/2017 04:08:00 AM,1300,OAKTON ST/ASBURY AV,EVANSTON
Thu,11/23/2017 10:01:00 PM,2000,HOWARD ST/CUSTER AV,CHICAGO
Tue,11/21/2017 11:15:00 PM,800,LAKE ST/SHERMAN AV,EVANSTON
Tue,11/21/2017 07:04:00 PM,1900,JACKSON AV,EVANSTON
Mon,11/20/2017 07:21:00 PM,1100,DODGE AV/GREENLEAF ST,EVANSTON
Fri,11/17/2017 12:32:00 AM,1300,HARTREY AV/DEMPSTER ST,EVANSTON
Thu,11/16/2017 07:49:00 PM,400,CUSTER AV,EVANSTON
Wed,11/15/2017 06:55:00 PM,1900,EMERSON ST,EVANSTON
Wed,11/15/2017 06:55:00 PM,1900,EMERSON ST,EVANSTON
Tue,11/14/2017 06:26:00 PM,1300,HARTREY AV,EVANSTON
Mon,11/13/2017 08:56:00 PM,700,HARTREY AV,EVANSTON
Mon,11/13/2017 08:56:00 PM,700,HARTREY AV,EVANSTON
Sat,11/11/2017 05:31:00 PM,2300,FOSTER ST,EVANSTON
Fri,11/10/2017 11:46:00 PM,1400,ASHLAND AV/LAKE ST,EVANSTON
Thu,11/09/2017 12:30:00 PM,1100,EMERSON ST,EVANSTON
Wed,11/08/2017 10:08:00 PM,1700,LELAND AV,EVANSTON
Wed,11/08/2017 07:43:00 PM,1200,FOWLER AV,EVANSTON
Wed,11/08/2017 07:43:00 PM,1200,FOWLER AV,EVANSTON
Wed,11/08/2017 07:43:00 PM,1200,FOWLER AV,EVANSTON
Wed,11/08/2017 02:15:00 PM,1200,FOWLER AV,EVANSTON
Wed,11/08/2017 01:00:00 PM,600,CHICAGO AV,EVANSTON
Mon,11/06/2017 08:22:00 PM,2500,DEMPSTER ST,EVANSTON
Thu,11/02/2017 11:30:00 PM,800,CHICAGO AV,EVANSTON
Thu,11/02/2017 12:48:00 AM,2000,WESLEY AV,EVANSTON
Tue,10/31/2017 06:40:00 PM,2100,EMERSON ST,EVANSTON
Sat,10/28/2017 12:27:00 AM,400,RIDGE AV,EVANSTON
Fri,10/27/2017 09:27:00 PM,1400,GREY AV,EVANSTON
Fri,10/27/2017 09:24:00 PM,1400,GREY AV,EVANSTON
Fri,10/27/2017 09:17:00 PM,1400,GREY AV,EVANSTON
Fri,10/27/2017 06:34:00 PM,1400,GREY AV,EVANSTON
Fri,10/27/2017 06:34:00 PM,1400,GREY AV,EVANSTON
Fri,10/27/2017 06:01:00 PM,1900,JACKSON AV,EVANSTON
Fri,10/27/2017 06:01:00 PM,1900,JACKSON AV,EVANSTON
Fri,10/27/2017 06:01:00 PM,1900,JACKSON AV,EVANSTON
Thu,10/26/2017 04:54:00 PM,1000,HOWARD ST,EVANSTON
Thu,10/26/2017 04:01:00 PM,100,RIDGE AV,EVANSTON
Wed,10/25/2017 06:08:00 PM,,BIRCHWOOD/WOLCOTT,CHICAGO
Fri,10/20/2017 08:49:00 PM,2100,BROWN AV,EVANSTON
Fri,10/20/2017 07:50:00 PM,300,CALLAN AV,EVANSTON
Thu,10/19/2017 07:46:00 PM,2000,ASHLAND AV,EVANSTON
Thu,10/19/2017 07:46:00 PM,2100,JACKSON AV,EVANSTON
Wed,10/18/2017 11:30:00 PM,9400,MCCORMICK,SKOKIE
Wed,10/18/2017 07:06:00 PM,2400,ELM AV,EVANSTON
Mon,10/16/2017 08:44:00 PM,2400,DEMPSTER ST/FOWLER AV,EVANSTON
Mon,10/16/2017 08:44:00 PM,2500,MAIN ST/MC DANIEL AV,EVANSTON
Mon,10/16/2017 08:44:00 PM,2500,MAIN ST/MC DANIEL AV,EVANSTON
Mon,10/16/2017 06:45:00 PM,1900,DEMPSTER ST,EVANSTON
Mon,10/16/2017 12:25:00 AM,300,RIDGE AV,EVANSTON
Fri,10/13/2017 12:10:00 AM,600,CASE PL,EVANSTON
Fri,10/13/2017 12:03:00 AM,600,CASE PL,EVANSTON
Thu,10/12/2017 09:27:00 PM,1000,LAKE ST,EVANSTON
Thu,10/12/2017 09:19:00 PM,1000,LAKE ST,EVANSTON
Wed,10/11/2017 06:11:00 PM,1200,LEE ST,EVANSTON
Wed,10/11/2017 02:19:00 PM,1600,MONROE ST,EVANSTON
Tue,10/10/2017 09:43:00 PM,1800,LEMAR AV,EVANSTON
Tue,10/10/2017 03:09:00 AM,2400,OAKTON ST,EVANSTON
Sun,10/08/2017 11:02:00 AM,1700,SHERMAN AV,EVANSTON
Fri,10/06/2017 10:40:00 PM,1000,GARNETT PL,EVANSTON
Fri,10/06/2017 03:40:00 AM,800,DEMPSTER ST,EVANSTON
Thu,10/05/2017 10:13:00 PM,2800,CENTRAL ST,EVANSTON
Thu,10/05/2017 08:19:00 PM,3300,DEMPSTER ST/EWING AV,SKOKIE
Mon,10/02/2017 07:52:00 PM,1800,CHURCH ST,EVANSTON
Sun,10/01/2017 08:42:00 PM,1500,PITNER AV,EVANSTON
Sun,10/01/2017 09:27:00 AM,300,CALLAN AV,EVANSTON
Sat,09/30/2017 04:14:00 PM,1400,LAKE ST,EVANSTON
Sat,09/30/2017 04:08:00 PM,1400,CHICAGO AV,EVANSTON
Sat,09/30/2017 04:08:00 PM,1400,CHICAGO AV,EVANSTON
Sat,09/30/2017 11:04:00 AM,800,SOUTH BL,EVANSTON
Sat,09/30/2017 12:23:00 AM,1800,SIMPSON ST,EVANSTON
Fri,09/29/2017 12:14:00 AM,1600,JONQUIL TER/ASHLAND AV,CHICAGO
Wed,09/27/2017 11:09:00 PM,1900,DEMPSTER ST,EVANSTON
Wed,09/27/2017 07:02:00 PM,2300,FOSTER ST,EVANSTON
Wed,09/27/2017 02:15:00 PM,800,FOSTER ST,EVANSTON
Wed,09/27/2017 02:15:00 PM,800,FOSTER ST,EVANSTON
Wed,09/27/2017 02:26:00 AM,2300,HOWARD ST,EVANSTON
Wed,09/27/2017 01:36:00 AM,800,MULFORD ST,EVANSTON
Tue,09/26/2017 06:09:00 PM,1900,EMERSON ST,EVANSTON
Tue,09/26/2017 04:47:00 PM,1800,JUNEWAY TER,CHICAGO
Sat,09/23/2017 06:11:00 PM,2100,MAPLE AV,EVANSTON
Sat,09/23/2017 06:11:00 PM,2100,MAPLE AV,EVANSTON
Sat,09/23/2017 09:30:00 AM,1500,SHERMAN AV,EVANSTON
Fri,09/22/2017 08:03:00 PM,200,RIDGE AV,EVANSTON
Fri,09/22/2017 07:31:00 PM,2600,GROSS POINT RD,EVANSTON
Fri,09/22/2017 07:31:00 PM,2600,GROSS POINT RD,EVANSTON
Fri,09/22/2017 07:57:00 AM,1700,CHURCH ST,EVANSTON
Fri,09/22/2017 07:57:00 AM,1700,CHURCH ST,EVANSTON
Fri,09/22/2017 07:57:00 AM,1700,CHURCH ST,EVANSTON
Fri,09/22/2017 03:58:00 AM,1900,LAUREL AV/EMERSON ST,EVANSTON
Thu,09/21/2017 08:00:00 PM,1800,HOWARD ST,EVANSTON
Thu,09/21/2017 05:46:00 PM,900,RIDGE AV,EVANSTON
Thu,09/21/2017 02:19:00 PM,1900,GREEN BAY RD,EVANSTON
Tue,09/19/2017 12:02:00 PM,1100,HINMAN AV,EVANSTON
Mon,09/18/2017 06:30:00 PM,3300,LAWRENCE,CHICAGO
Mon,09/18/2017 01:56:00 AM,500,CHURCH ST/CHICAGO AV,EVANSTON
Sun,09/17/2017 11:36:00 PM,1000,OAKTON ST/RIDGE AV,EVANSTON
Sun,09/17/2017 05:55:00 PM,3300,CHURCH ST/MC CORMICK BL,SKOKIE
Fri,09/15/2017 11:45:00 PM,300,CUSTER AV,EVANSTON
Thu,09/14/2017 08:10:00 PM,2300,GREEN BAY RD,EVANSTON
Tue,09/12/2017 07:46:00 PM,1300,EMERSON ST,EVANSTON
Tue,09/12/2017 07:46:00 PM,1300,EMERSON ST,EVANSTON
Tue,09/12/2017 07:46:00 PM,1300,EMERSON ST,EVANSTON
Tue,09/12/2017 03:36:00 PM,800,EMERSON ST,EVANSTON
Tue,09/12/2017 09:29:00 AM,1200,HARTREY AV,EVANSTON
Tue,09/12/2017 09:29:00 AM,1200,HARTREY AV,EVANSTON
Tue,09/12/2017 04:39:00 AM,7600,MC CORMICK BL/HOWARD ST,SKOKIE
Tue,09/12/2017 01:02:00 AM,1300,EMERSON ST,EVANSTON
Tue,09/12/2017 12:39:00 AM,1300,EMERSON ST,EVANSTON
Sun,09/10/2017 02:53:00 AM,2200,DEMPSTER ST/HARTREY AV,EVANSTON
Sun,09/10/2017 12:42:00 AM,2200,DEMPSTER ST/HARTREY AV,EVANSTON
Sun,09/10/2017 12:42:00 AM,2200,DEMPSTER ST/HARTREY AV,EVANSTON
Sat,09/09/2017 07:09:00 AM,700,CENTRAL ST,EVANSTON
Fri,09/08/2017 02:34:00 AM,500,SHERIDAN SQ,EVANSTON
Fri,09/08/2017 02:34:00 AM,500,SHERIDAN SQ,EVANSTON
Fri,09/08/2017 12:15:00 AM,100,ASBURY AV,EVANSTON
Thu,09/07/2017 11:30:00 PM,100,ASBURY AV,EVANSTON
Thu,09/07/2017 05:46:00 PM,1000,ISABELLA ST/GIRARD AV,EVANSTON
Thu,09/07/2017 05:46:00 PM,1000,ISABELLA ST/GIRARD AV,EVANSTON
Thu,09/07/2017 05:46:00 PM,1000,ISABELLA ST/GIRARD AV,EVANSTON
Thu,09/07/2017 05:06:00 PM,1800,HOWARD ST,EVANSTON
Mon,09/04/2017 02:26:00 AM,500,SHERIDAN SQ,EVANSTON
Mon,09/04/2017 01:37:00 AM,500,SHERIDAN RD,EVANSTON
Sun,09/03/2017 09:57:00 PM,800,DOBSON ST,EVANSTON
Sun,09/03/2017 01:52:00 PM,600,CASE PL,EVANSTON
Sat,09/02/2017 07:56:00 PM,2300,MAIN ST,EVANSTON
Sat,09/02/2017 02:06:00 AM,100,CHICAGO AV,EVANSTON
Sat,09/02/2017 02:06:00 AM,100,CHICAGO AV,EVANSTON
Fri,09/01/2017 11:41:00 PM,1900,DODGE AV,EVANSTON
Fri,09/01/2017 11:35:00 PM,1900,DODGE AV,EVANSTON
Fri,09/01/2017 11:20:00 PM,1900,DODGE AV,EVANSTON
Fri,09/01/2017 11:10:00 PM,1900,DODGE AV,EVANSTON
Thu,08/31/2017 11:51:00 PM,2300,OAKTON ST,EVANSTON
Thu,08/31/2017 07:30:00 PM,2000,EMERSON ST,EVANSTON
Wed,08/30/2017 07:53:00 PM,1700,MC DANIEL AV,EVANSTON
Tue,08/29/2017 05:15:00 PM,1300,MAIN ST/ASBURY AV,EVANSTON
Mon,08/28/2017 10:23:00 AM,1900,DARROW AV,EVANSTON
Mon,08/28/2017 08:00:00 AM,1900,DARROW AV,EVANSTON
Sun,08/27/2017 03:29:00 PM,1000,DODGE AV,EVANSTON
Sun,08/27/2017 03:29:00 PM,1000,DODGE AV,EVANSTON
Fri,08/25/2017 10:55:00 PM,7400,SEELEY AV,CHICAGO
Fri,08/25/2017 10:55:00 PM,7400,SEELEY AV,CHICAGO
Fri,08/25/2017 10:55:00 PM,7400,SEELEY AV,CHICAGO
Fri,08/25/2017 12:46:00 PM,1000,GARNETT PL,EVANSTON
Thu,08/24/2017 09:04:00 PM,900,DAVIS ST,EVANSTON
Thu,08/24/2017 08:47:00 PM,900,DAVIS ST,EVANSTON
Thu,08/24/2017 06:45:00 PM,900,DAVIS ST,EVANSTON
Wed,08/23/2017 09:40:00 PM,1400,DODGE AV,EVANSTON
Wed,08/23/2017 09:00:00 PM,900,UNIVERSITY PL,EVANSTON
Wed,08/23/2017 09:00:00 PM,900,UNIVERSITY PL,EVANSTON
Wed,08/23/2017 04:04:00 AM,1700,CRAIN ST,EVANSTON
Tue,08/22/2017 06:38:00 PM,2200,CLEVELAND ST,EVANSTON
Tue,08/22/2017 06:27:00 PM,2200,CLEVELAND ST,EVANSTON
Sun,08/20/2017 11:38:00 AM,1900,DEMPSTER ST,EVANSTON
Sun,08/20/2017 11:33:00 AM,1900,DEMPSTER ST,EVANSTON
Sat,08/19/2017 07:06:00 PM,1800,ASHLAND AV,EVANSTON
Sat,08/19/2017 04:12:00 AM,1000,GROVE ST,EVANSTON
Sat,08/19/2017 03:07:00 AM,2200,FARGO AV/RIDGE BL,CHICAGO
Sat,08/19/2017 01:09:00 AM,2200,DEMPSTER ST/HARTREY AV,EVANSTON
Fri,08/18/2017 04:22:00 PM,1300,HOWARD ST,EVANSTON
Thu,08/17/2017 11:48:00 PM,3000,GOLF RD/CENTRAL PARK AV,EVANSTON
Wed,08/16/2017 11:23:00 PM,700,HOWARD ST,EVANSTON
Mon,08/14/2017 10:00:00 PM,7500,HOYNE AV,CHICAGO
Mon,08/14/2017 10:00:00 PM,7500,HOYNE AV,CHICAGO
Mon,08/14/2017 08:19:00 PM,400,HOWARD ST,EVANSTON
Sun,08/13/2017 07:31:00 PM,1500,HOWARD ST,EVANSTON
Sun,08/13/2017 05:21:00 PM,1600,FOSTER ST,EVANSTON
Sun,08/13/2017 04:56:00 PM,3600,DEMPSTER ST/EAST PRAIRIE RD,SKOKIE
Fri,08/11/2017 10:59:00 PM,2300,JACKSON AV,EVANSTON
Thu,08/10/2017 11:09:00 PM,2100,TOUHY AV/RIDGE BL,CHICAGO
Thu,08/10/2017 11:09:00 PM,2100,TOUHY AV/RIDGE BL,CHICAGO
Thu,08/10/2017 11:09:00 PM,2100,TOUHY AV/RIDGE BL,CHICAGO
Thu,08/10/2017 06:28:00 AM,100,RIDGE AV,EVANSTON
Thu,08/10/2017 03:44:00 AM,1900,DEMPSTER ST,EVANSTON
Wed,08/09/2017 09:34:00 AM,500,CHURCH ST,EVANSTON
Tue,08/08/2017 09:26:00 PM,1600,DODGE AV,EVANSTON
Tue,08/08/2017 08:39:00 PM,1700,ORRINGTON AV,EVANSTON
Tue,08/08/2017 07:25:00 PM,1600,DODGE AV,EVANSTON
Tue,08/08/2017 07:23:00 PM,1600,DODGE AV,EVANSTON
Tue,08/08/2017 07:23:00 PM,1600,DODGE AV,EVANSTON
Tue,08/08/2017 03:48:00 AM,1400,FOSTER ST/WESLEY AV,EVANSTON
Mon,08/07/2017 05:50:00 PM,1400,WESLEY AV,EVANSTON
Sun,08/06/2017 08:22:00 PM,1500,CRAIN ST,EVANSTON
Fri,08/04/2017 12:20:00 AM,900,BROWN AV/MAIN ST,EVANSTON
Thu,08/03/2017 11:36:00 PM,1000,EMERSON ST,EVANSTON
Thu,08/03/2017 11:31:00 PM,1000,EMERSON ST,EVANSTON
Thu,08/03/2017 10:50:00 PM,1000,EMERSON ST,EVANSTON
Thu,08/03/2017 10:48:00 PM,1500,PITNER AV,EVANSTON
Thu,08/03/2017 08:13:00 PM,1800,DODGE AV/LYONS ST,EVANSTON
Wed,08/02/2017 05:00:00 PM,400,ASBURY AV,EVANSTON
Tue,08/01/2017 10:48:00 PM,1800,CLEVELAND ST,EVANSTON
Tue,08/01/2017 10:40:00 PM,1800,CLEVELAND ST,EVANSTON
Tue,08/01/2017 10:05:00 PM,1800,CLEVELAND ST,EVANSTON
Tue,08/01/2017 07:39:00 PM,1800,CRAIN ST,EVANSTON
Mon,07/31/2017 01:33:00 AM,1600,SHERMAN AV,EVANSTON
Sun,07/30/2017 09:51:00 AM,1700,DEMPSTER ST,EVANSTON
Sat,07/29/2017 09:51:00 PM,1500,CHURCH ST/ASHLAND AV,EVANSTON
Sat,07/29/2017 12:53:00 AM,6400,WESTERN AV,CHICAGO
Sat,07/29/2017 12:48:00 AM,6400,WESTERN AV,CHICAGO
Fri,07/28/2017 02:42:00 PM,100,ASBURY AV,EVANSTON
Fri,07/28/2017 12:01:00 PM,1500,CHICAGO AV,EVANSTON
Fri,07/28/2017 01:07:00 AM,300,DODGE AV,EVANSTON
Wed,07/26/2017 01:41:00 AM,1500,DOBSON ST,EVANSTON
Tue,07/25/2017 09:08:00 PM,1000,ISABELLA ST,EVANSTON
Tue,07/25/2017 09:05:00 PM,1000,ISABELLA ST,EVANSTON
Tue,07/25/2017 09:05:00 PM,1000,ISABELLA ST,EVANSTON
Tue,07/25/2017 09:05:00 PM,1000,ISABELLA ST,EVANSTON
Tue,07/25/2017 07:38:00 PM,1200,HOWARD ST,EVANSTON
Tue,07/25/2017 07:38:00 PM,1200,HOWARD ST,EVANSTON
Tue,07/25/2017 07:38:00 PM,1200,HOWARD ST,EVANSTON
Tue,07/25/2017 07:38:00 PM,1200,HOWARD ST,EVANSTON
Tue,07/25/2017 12:40:00 AM,1800,LELAND AV,EVANSTON
Tue,07/25/2017 12:19:00 AM,1900,MULFORD ST/DODGE AV,EVANSTON
Sun,07/23/2017 09:29:00 PM,1200,LEE ST,EVANSTON
Sun,07/23/2017 08:03:00 PM,2700,GIRARD AV,EVANSTON
Sun,07/23/2017 08:03:00 PM,2700,GIRARD AV,EVANSTON
Sun,07/23/2017 08:03:00 PM,2700,GIRARD AV,EVANSTON
Sun,07/23/2017 08:03:00 PM,2700,GIRARD AV,EVANSTON
Sun,07/23/2017 06:53:00 PM,2000,CHURCH ST/HOVLAND CT,EVANSTON
Sun,07/23/2017 06:53:00 PM,2000,CHURCH ST/HOVLAND CT,EVANSTON
Sat,07/22/2017 06:05:00 PM,2000,CHURCH ST,EVANSTON
Sat,07/22/2017 02:07:00 PM,600,CHICAGO AV,EVANSTON
Thu,07/20/2017 10:57:00 PM,1100,HOWARD ST,EVANSTON
Thu,07/20/2017 10:11:00 PM,1100,HOWARD ST,EVANSTON
Thu,07/20/2017 06:49:00 PM,1400,CHURCH ST,EVANSTON
Thu,07/20/2017 03:30:00 PM,500,CHICAGO AV,EVANSTON
Thu,07/20/2017 01:40:00 AM,1200,CHURCH ST,EVANSTON
Thu,07/20/2017 12:17:00 AM,2400,LAKE ST,EVANSTON
Wed,07/19/2017 01:41:00 AM,1400,FOWLER AV,EVANSTON
Wed,07/19/2017 01:32:00 AM,1400,FOWLER AV,EVANSTON
Wed,07/19/2017 01:30:00 AM,1400,SHERIDAN RD,EVANSTON
Wed,07/19/2017 12:17:00 AM,1400,FOWLER AV,EVANSTON
Tue,07/18/2017 03:33:00 AM,7200,ROGERS AV/RIDGE BL,CHICAGO
Mon,07/17/2017 08:13:00 PM,2300,EMERSON ST,EVANSTON
Mon,07/17/2017 12:56:00 AM,1200,RIDGE AV,EVANSTON
Sun,07/16/2017 08:40:00 AM,1300,BRUMMEL ST,EVANSTON
Sat,07/15/2017 10:33:00 PM,900,FOWLER AV,EVANSTON
Sat,07/15/2017 09:29:00 AM,100,RIDGE AV,EVANSTON
Sat,07/15/2017 09:05:00 AM,100,RIDGE AV,EVANSTON
Sat,07/15/2017 12:01:00 AM,800,CHICAGO AV,EVANSTON
Fri,07/14/2017 09:52:00 PM,1700,GREENLEAF ST,EVANSTON
Fri,07/14/2017 07:10:00 PM,700,CLARK ST,EVANSTON
Fri,07/14/2017 06:26:00 PM,700,CLARK ST,EVANSTON
Thu,07/13/2017 11:09:00 PM,1300,ASBURY AV,EVANSTON
Thu,07/13/2017 10:03:00 PM,1900,JACKSON AV,EVANSTON
Thu,07/13/2017 09:43:00 PM,1300,ASBURY AV,EVANSTON
Thu,07/13/2017 07:37:00 PM,1400,HOWARD ST,EVANSTON
Thu,07/13/2017 01:55:00 AM,1200,FOREST AV/HAMILTON ST,EVANSTON
Wed,07/12/2017 09:23:00 PM,800,AUSTIN ST,EVANSTON
Wed,07/12/2017 09:02:00 PM,2500,HOWARD ST,EVANSTON
Mon,07/10/2017 07:46:00 PM,400,RIDGE AV,EVANSTON
Sun,07/09/2017 05:28:00 PM,1800,LELAND AV,EVANSTON
Sun,07/09/2017 04:28:00 PM,700,OAKTON ST,EVANSTON
Sun,07/09/2017 12:30:00 PM,200,BARTON AV/BRUMMEL ST,EVANSTON
Sun,07/09/2017 12:30:00 PM,200,BARTON AV/BRUMMEL ST,EVANSTON
Sun,07/09/2017 12:54:00 AM,600,CHICAGO AV,EVANSTON
Sat,07/08/2017 06:00:00 PM,1400,EMERSON ST,EVANSTON
Sat,07/08/2017 06:00:00 PM,1400,EMERSON ST,EVANSTON
Sat,07/08/2017 08:50:00 AM,1300,HOWARD ST,EVANSTON
Sat,07/08/2017 12:56:00 AM,1900,ASBURY AV,EVANSTON
Fri,07/07/2017 07:45:00 PM,1600,FOWLER AV,EVANSTON
Thu,07/06/2017 11:58:00 PM,2000,EMERSON ST,EVANSTON
Thu,07/06/2017 09:47:00 PM,1600,DODGE AV,EVANSTON
Thu,07/06/2017 09:46:00 PM,1600,DODGE AV,EVANSTON
Thu,07/06/2017 07:29:00 PM,2400,FARGO AV,CHICAGO
Thu,07/06/2017 07:29:00 PM,2400,FARGO AV,CHICAGO
Thu,07/06/2017 06:31:00 PM,1000,HARVARD TER,EVANSTON
Wed,07/05/2017 09:53:00 PM,600,MAIN ST,EVANSTON
Tue,07/04/2017 05:57:00 PM,2300,RIDGE AV,EVANSTON
Mon,07/03/2017 05:17:00 PM,700,CUSTER AV,EVANSTON
Mon,07/03/2017 05:04:00 PM,700,CUSTER AV,EVANSTON
Mon,07/03/2017 05:03:00 PM,7200,HAMILTON,CHICAGO
Mon,07/03/2017 05:03:00 PM,7200,HAMILTON,CHICAGO
Sun,07/02/2017 01:49:00 PM,2400,CENTRAL ST,EVANSTON
Sun,07/02/2017 01:26:00 PM,2400,CENTRAL ST,EVANSTON
Sun,07/02/2017 05:48:00 AM,1400,OAKTON ST,EVANSTON
Sun,07/02/2017 05:35:00 AM,1400,OAKTON ST,EVANSTON
Sun,07/02/2017 12:42:00 AM,1900,CENTRAL ST,EVANSTON
Sun,07/02/2017 12:15:00 AM,1900,CENTRAL ST,EVANSTON
Sat,07/01/2017 11:10:00 PM,1000,DARROW AV,EVANSTON
Sat,07/01/2017 11:10:00 PM,1000,DARROW AV,EVANSTON
Fri,06/30/2017 07:39:00 PM,2000,DARROW AV,EVANSTON
Fri,06/30/2017 04:32:00 PM,1900,FOSTER ST,EVANSTON
Fri,06/30/2017 12:21:00 PM,2300,EMERSON ST,EVANSTON
Fri,06/30/2017 12:02:00 AM,1800,LAKE ST,EVANSTON
Thu,06/29/2017 05:26:00 PM,1900,LAKE ST/DODGE AV,EVANSTON
Thu,06/29/2017 11:05:00 AM,900,HINMAN AV,EVANSTON
Thu,06/29/2017 07:42:00 AM,1000,ASHLAND AV,EVANSTON
Thu,06/29/2017 07:42:00 AM,1000,ASHLAND AV,EVANSTON
Thu,06/29/2017 02:50:00 AM,100,ASBURY AV,EVANSTON
Wed,06/28/2017 06:25:00 PM,2100,WESLEY AV,EVANSTON
Wed,06/28/2017 04:00:00 PM,1100,CHICAGO AV,EVANSTON
Wed,06/28/2017 03:19:00 PM,2100,WESLEY AV,EVANSTON
Tue,06/27/2017 06:20:00 PM,1300,FOSTER ST,EVANSTON
Tue,06/27/2017 01:55:00 AM,2100,BRIDGE ST/MC CORMICK BL,EVANSTON
Tue,06/27/2017 01:26:00 AM,2000,WESLEY AV,EVANSTON
Tue,06/27/2017 01:26:00 AM,2000,WESLEY AV,EVANSTON
Tue,06/27/2017 12:24:00 AM,1300,FOSTER ST,EVANSTON
Tue,06/27/2017 12:18:00 AM,1300,FOSTER ST,EVANSTON
Mon,06/26/2017 11:52:00 PM,2100,BRIDGE ST/MC CORMICK BL,EVANSTON
Mon,06/26/2017 05:44:00 PM,2100,CHURCH ST,EVANSTON
Sun,06/25/2017 04:54:00 PM,2100,FORESTVIEW RD,EVANSTON
Sun,06/25/2017 03:50:00 PM,2000,DODGE AV,EVANSTON
Sun,06/25/2017 12:21:00 AM,600,HOWARD ST,EVANSTON
Sat,06/24/2017 08:49:00 PM,600,HOWARD ST,EVANSTON
Sat,06/24/2017 08:49:00 PM,600,HOWARD ST,EVANSTON
Fri,06/23/2017 11:54:00 PM,7500,HOYNE AV/BIRCHWOOD AV,CHICAGO
Thu,06/22/2017 06:42:00 PM,1600,SHERMAN AV,EVANSTON
Wed,06/21/2017 05:48:00 PM,1900,JACKSON AV,EVANSTON
Wed,06/21/2017 05:20:00 PM,700,HOWARD ST,EVANSTON
Tue,06/20/2017 10:40:00 PM,1900,DODGE AV,EVANSTON
Tue,06/20/2017 10:40:00 PM,1900,DODGE AV,EVANSTON
Tue,06/20/2017 02:09:00 PM,2300,NATHANIEL PL,EVANSTON
Mon,06/19/2017 09:01:00 AM,800,GREENLEAF ST,EVANSTON
Mon,06/19/2017 09:01:00 AM,800,GREENLEAF ST,EVANSTON
Mon,06/19/2017 07:16:00 AM,800,GREENLEAF ST,EVANSTON
Mon,06/19/2017 07:16:00 AM,800,GREENLEAF ST,EVANSTON
Sun,06/18/2017 09:45:00 PM,1700,ASHLAND AV,EVANSTON
Sun,06/18/2017 09:36:00 PM,1700,ASHLAND AV,EVANSTON
Sun,06/18/2017 07:49:00 PM,1400,CHICAGO AV,EVANSTON
Sun,06/18/2017 05:51:00 PM,1700,DODGE AV,EVANSTON
Sun,06/18/2017 05:51:00 PM,1700,ASHLAND AV,EVANSTON
Sun,06/18/2017 06:19:00 AM,300,DEMPSTER ST,EVANSTON
Sat,06/17/2017 06:33:00 PM,1900,DARROW AV,EVANSTON
Sat,06/17/2017 06:33:00 PM,1900,DARROW AV,EVANSTON
Fri,06/16/2017 11:30:00 PM,400,HAMILTON ST,EVANSTON
Fri,06/16/2017 05:57:00 PM,2600,ELGIN RD,EVANSTON
Fri,06/16/2017 02:01:00 AM,7400,RIDGE,CHICAGO
Fri,06/16/2017 01:51:00 AM,7400,RIDGE,
Fri,06/16/2017 12:03:00 AM,7400,RIDGE,CHICAGO
Wed,06/14/2017 12:52:00 PM,1600,EMERSON ST,EVANSTON
Wed,06/14/2017 12:40:00 PM,1600,EMERSON ST,EVANSTON
Wed,06/14/2017 11:32:00 AM,700,CASE ST,EVANSTON
Wed,06/14/2017 11:10:00 AM,600,HOWARD ST,EVANSTON
Wed,06/14/2017 01:40:00 AM,900,FLORENCE AV,EVANSTON
Tue,06/13/2017 07:25:00 PM,2100,EMERSON ST,EVANSTON
Tue,06/13/2017 05:06:00 PM,7600,PAULINA ST,CHICAGO
Tue,06/13/2017 01:37:00 PM,7400,DAMEN AV,CHICAGO
Mon,06/12/2017 01:37:00 PM,7400,DAMEN AV,CHICAGO
Mon,06/12/2017 01:37:00 PM,7400,DAMEN AV,CHICAGO
Mon,06/12/2017 01:34:00 AM,300,DODGE AV,EVANSTON
Mon,06/12/2017 01:34:00 AM,300,DODGE AV,EVANSTON
Sun,06/11/2017 01:12:00 AM,800,CHICAGO AV,EVANSTON
Fri,06/09/2017 05:59:00 PM,1800,DARROW AV,EVANSTON
Fri,06/09/2017 01:00:00 PM,1400,HINMAN AV,EVANSTON
Fri,06/09/2017 12:09:00 PM,1800,HOWARD ST,EVANSTON
Fri,06/09/2017 10:29:00 AM,7600,CLARK ST,CHICAGO
Wed,06/07/2017 01:53:00 PM,1400,CHICAGO AV,EVANSTON
Wed,06/07/2017 02:57:00 AM,600,SHERIDAN SQ,EVANSTON
Wed,06/07/2017 01:34:00 AM,600,SHERIDAN SQ,EVANSTON
Wed,06/07/2017 01:34:00 AM,600,SHERIDAN SQ,EVANSTON
Mon,06/05/2017 08:23:00 PM,2200,EMERSON ST/HARTREY AV,EVANSTON
Mon,06/05/2017 06:17:00 PM,1900,RIDGE AV,EVANSTON
Mon,06/05/2017 05:41:00 PM,400,DODGE AV,EVANSTON
Mon,06/05/2017 05:13:00 PM,400,DODGE AV,EVANSTON
Mon,06/05/2017 05:13:00 PM,400,DODGE AV,EVANSTON
Mon,06/05/2017 03:58:00 PM,600,HOWARD ST,EVANSTON
Mon,06/05/2017 03:58:00 PM,600,HOWARD ST,EVANSTON
Mon,06/05/2017 03:58:00 PM,600,HOWARD ST,EVANSTON
Mon,06/05/2017 03:58:00 PM,600,HOWARD ST,EVANSTON
Mon,06/05/2017 07:55:00 AM,900,HINMAN AV,EVANSTON
Sat,06/03/2017 04:53:00 PM,2000,DODGE AV,EVANSTON
Fri,06/02/2017 05:38:00 PM,300,MAIN ST,EVANSTON
Thu,06/01/2017 07:22:00 PM,400,RIDGE AV,EVANSTON
Sun,05/28/2017 07:36:00 PM,2100,DARROW AV,EVANSTON
Sat,05/27/2017 02:34:00 AM,1700,MC DANIEL AV,EVANSTON
Sat,05/27/2017 01:35:00 AM,600,SHERIDAN SQ,EVANSTON
Sat,05/27/2017 01:35:00 AM,600,SHERIDAN SQ,EVANSTON
Fri,05/26/2017 11:12:00 PM,0,KEDZIE ST,EVANSTON
Fri,05/26/2017 11:12:00 PM,0,KEDZIE ST,EVANSTON
Fri,05/26/2017 11:12:00 PM,0,KEDZIE ST,EVANSTON
Fri,05/26/2017 01:59:00 PM,1600,PITNER AV,EVANSTON
Thu,05/25/2017 02:36:00 AM,2000,GREENWOOD ST,EVANSTON
Thu,05/25/2017 02:36:00 AM,2000,GREENWOOD ST,EVANSTON
Thu,05/25/2017 12:13:00 AM,1800,LELAND AV,EVANSTON
Wed,05/24/2017 11:55:00 PM,1800,LELAND AV,EVANSTON
Wed,05/24/2017 01:15:00 PM,1000,RIDGE AV,EVANSTON
Wed,05/24/2017 01:15:00 PM,1000,RIDGE AV,EVANSTON
Wed,05/24/2017 01:15:00 PM,1000,RIDGE AV,EVANSTON
Mon,05/22/2017 06:52:00 PM,1200,MC DANIEL AV,EVANSTON
Mon,05/22/2017 02:06:00 AM,0,RIDGE AV/HOWARD ST,EVANSTON
Sun,05/21/2017 05:34:00 PM,2400,DEMPSTER ST,EVANSTON
Sun,05/21/2017 01:09:00 AM,0,ASBURY AV/HOWARD ST,EVANSTON
Sun,05/21/2017 12:59:00 AM,0,ASBURY AV/HOWARD ST,EVANSTON
Sun,05/21/2017 12:52:00 AM,0,ASBURY AV/HOWARD ST,EVANSTON
Sat,05/20/2017 07:08:00 PM,2600,GRANT ST,EVANSTON
Fri,05/19/2017 10:39:00 PM,500,CHICAGO AV,EVANSTON
Fri,05/19/2017 07:36:00 PM,500,CHICAGO AV,EVANSTON
Fri,05/19/2017 01:30:00 PM,100,ASBURY AV,EVANSTON
Fri,05/19/2017 01:07:00 PM,100,ASBURY AV,EVANSTON
Fri,05/19/2017 12:34:00 AM,700,HOWARD ST,EVANSTON
Thu,05/18/2017 07:43:00 PM,600,HOWARD ST,EVANSTON
Thu,05/18/2017 07:30:00 PM,600,HOWARD ST,EVANSTON
Thu,05/18/2017 03:16:00 PM,1800,HARTREY AV,EVANSTON
Thu,05/18/2017 12:00:00 AM,600,CHURCH ST,EVANSTON
Wed,05/17/2017 06:11:00 PM,7700,PAULINA ST,CHICAGO
Wed,05/17/2017 06:06:00 PM,7700,PAULINA ST,CHICAGO
Tue,05/16/2017 06:47:00 PM,2200,EMERSON ST,EVANSTON
Tue,05/16/2017 06:47:00 PM,2200,EMERSON ST,EVANSTON
Tue,05/16/2017 06:07:00 PM,2400,DEMPSTER ST,EVANSTON
Mon,05/15/2017 05:47:00 PM,7700,PAULINA ST,CHICAGO
Mon,05/15/2017 04:56:00 PM,1100,CHURCH ST,EVANSTON
Mon,05/15/2017 02:22:00 AM,3300,HOWARD ST/MC CORMICK BL,SKOKIE
Sun,05/14/2017 11:46:00 PM,1500,PITNER AV,EVANSTON
Sun,05/14/2017 11:46:00 PM,1500,PITNER AV,EVANSTON
Sun,05/14/2017 11:46:00 PM,1500,PITNER AV,EVANSTON
Sun,05/14/2017 11:46:00 PM,1500,PITNER AV,EVANSTON
Sun,05/14/2017 10:17:00 PM,2400,DEMPSTER ST,EVANSTON
Sun,05/14/2017 07:00:00 PM,2400,DEMPSTER ST,EVANSTON
Sun,05/14/2017 07:00:00 PM,2400,DEMPSTER ST,EVANSTON
Sun,05/14/2017 07:00:00 PM,2400,DEMPSTER ST,EVANSTON
Sun,05/14/2017 05:14:00 PM,2300,HARTREY AV,EVANSTON
Sun,05/14/2017 05:08:00 PM,2300,HARTREY AV,EVANSTON
Sat,05/13/2017 08:50:00 PM,1900,FOSTER ST,EVANSTON
Sat,05/13/2017 04:26:00 AM,1900,JACKSON AV,EVANSTON
Fri,05/12/2017 09:30:00 PM,100,CUSTER AV,EVANSTON
Fri,05/12/2017 09:21:00 PM,100,CUSTER AV,EVANSTON
Fri,05/12/2017 03:33:00 PM,1800,EMERSON ST,EVANSTON
Fri,05/12/2017 03:33:00 PM,1800,EMERSON ST,EVANSTON
Fri,05/12/2017 02:02:00 AM,1500,PITNER AV,EVANSTON
Thu,05/11/2017 11:42:00 PM,1500,PITNER AV,EVANSTON
Wed,05/10/2017 11:27:00 PM,600,MULFORD ST,EVANSTON
Wed,05/10/2017 11:27:00 PM,600,MULFORD ST,EVANSTON
Wed,05/10/2017 05:39:00 PM,2000,ASHLAND AV,EVANSTON
Wed,05/10/2017 05:20:00 PM,2000,HOWARD ST/DAMEN AV,CHICAGO
Wed,05/10/2017 02:34:00 AM,2500,HOWARD ST,EVANSTON
Wed,05/10/2017 02:28:00 AM,2500,HOWARD ST,EVANSTON
Wed,05/10/2017 01:46:00 AM,2500,HOWARD ST,EVANSTON
Mon,05/08/2017 06:11:00 PM,1800,LAUREL AV,EVANSTON
Sun,05/07/2017 05:36:00 PM,1700,ASHLAND AV,EVANSTON
Sun,05/07/2017 05:36:00 PM,1700,ASHLAND AV,EVANSTON
Sun,05/07/2017 05:36:00 PM,1700,ASHLAND AV,EVANSTON
Sun,05/07/2017 05:36:00 PM,1700,ASHLAND AV,EVANSTON
Sun,05/07/2017 05:36:00 PM,1700,ASHLAND AV,EVANSTON
Sat,05/06/2017 01:47:00 PM,1000,DODGE AV,EVANSTON
Sat,05/06/2017 01:09:00 PM,100,ASBURY AV,EVANSTON
Sat,05/06/2017 01:09:00 PM,100,ASBURY AV,EVANSTON
Sat,05/06/2017 12:36:00 AM,1000,ASBURY AV,EVANSTON
Fri,05/05/2017 10:23:00 PM,1000,ASBURY AV,EVANSTON
Fri,05/05/2017 10:23:00 PM,1000,ASBURY AV,EVANSTON
Fri,05/05/2017 10:23:00 PM,1000,ASBURY AV,EVANSTON
Fri,05/05/2017 07:00:00 PM,2100,GREEN BAY RD,EVANSTON
Fri,05/05/2017 05:44:00 PM,1200,EMERSON ST,EVANSTON
Thu,05/04/2017 10:04:00 PM,400,RIDGE AV,EVANSTON
Thu,05/04/2017 01:25:00 AM,100,ASBURY AV,EVANSTON
Tue,05/02/2017 11:54:00 PM,500,HOWARD ST/CHICAGO AV,EVANSTON
Tue,05/02/2017 11:27:00 PM,500,HOWARD ST/CHICAGO AV,EVANSTON
Tue,05/02/2017 05:43:00 PM,1800,DODGE AV,EVANSTON
Tue,05/02/2017 01:41:00 AM,100,RIDGE AV,EVANSTON
Tue,05/02/2017 01:41:00 AM,100,RIDGE AV,EVANSTON
Mon,05/01/2017 09:43:00 PM,800,HOWARD ST,EVANSTON
Mon,05/01/2017 08:40:00 PM,800,HOWARD ST,EVANSTON
Sun,04/30/2017 05:25:00 PM,1800,EMERSON ST,EVANSTON
Fri,04/28/2017 01:55:00 AM,2000,ASHLAND AV,EVANSTON
Thu,04/27/2017 07:49:00 PM,1700,DEMPSTER ST,EVANSTON
Wed,04/26/2017 09:47:00 PM,1900,DEMPSTER ST,EVANSTON
Wed,04/26/2017 09:36:00 PM,1900,DEMPSTER ST,EVANSTON
Tue,04/25/2017 10:20:00 PM,1400,GREY AV,EVANSTON
Tue,04/25/2017 06:30:00 PM,1400,GREY AV,EVANSTON
Tue,04/25/2017 10:27:00 AM,2200,GREENWOOD ST,EVANSTON
Tue,04/25/2017 02:06:00 AM,1400,DARROW AV/GREENWOOD ST,EVANSTON
Tue,04/25/2017 01:51:00 AM,1400,DARROW AV/GREENWOOD ST,EVANSTON
Mon,04/24/2017 04:16:00 PM,2400,DEMPSTER ST,EVANSTON
Sat,04/22/2017 12:18:00 AM,600,CHICAGO AV,EVANSTON
Fri,04/21/2017 09:54:00 PM,300,DEWEY AV,EVANSTON
Fri,04/21/2017 09:45:00 PM,7000,SHERIDAN RD/LUNT AV,CHICAGO
Fri,04/21/2017 09:45:00 PM,7000,SHERIDAN RD/LUNT AV,CHICAGO
Fri,04/21/2017 08:40:00 PM,300,DEWEY AV,EVANSTON
Fri,04/21/2017 08:36:00 PM,300,DEWEY AV,EVANSTON
Fri,04/21/2017 12:11:00 AM,2200,OAKTON ST,EVANSTON
Thu,04/20/2017 04:40:00 PM,1600,CHURCH ST,EVANSTON
Thu,04/20/2017 12:29:00 AM,500,RIDGE AV/OAKTON ST,EVANSTON
Thu,04/20/2017 12:29:00 AM,500,RIDGE AV/OAKTON ST,EVANSTON
Thu,04/20/2017 12:29:00 AM,1000,OAKTON ST/RIDGE AV,EVANSTON
Wed,04/19/2017 11:57:00 PM,1000,FLORENCE AV,EVANSTON
Wed,04/19/2017 10:02:00 PM,200,CUSTER AV/BRUMMEL ST,EVANSTON
Tue,04/18/2017 06:36:00 PM,200,RIDGE AV,EVANSTON
Tue,04/18/2017 05:05:00 PM,300,RIDGE AV,EVANSTON
Mon,04/17/2017 08:36:00 PM,2300,EMERSON ST,EVANSTON
Mon,04/17/2017 04:53:00 PM,2400,MAIN ST,EVANSTON
Sun,04/16/2017 04:12:00 PM,1600,DODGE AV,EVANSTON
Sun,04/16/2017 04:12:00 PM,1600,DODGE AV,EVANSTON
Fri,04/14/2017 11:09:00 PM,1700,LYONS ST,EVANSTON
Fri,04/14/2017 08:43:00 PM,1400,DARROW AV,EVANSTON
Fri,04/14/2017 06:47:00 PM,4000,OAKTON,SKOKIE
Fri,04/14/2017 06:47:00 PM,4000,OAKTON ST,SKOKIE
Fri,04/14/2017 06:47:00 PM,4000,OAKTON ST,SKOKIE
Fri,04/14/2017 04:28:00 PM,2100,MC CORMICK BL,EVANSTON
Thu,04/13/2017 07:45:00 PM,1900,MAPLE AV,EVANSTON
Thu,04/13/2017 02:11:00 AM,,RIDGE AV/SEWERD ST,EVANSTON
Wed,04/12/2017 05:05:00 PM,2100,HOWARD ST,EVANSTON
Tue,04/11/2017 06:43:00 PM,1500,PITNER AV,EVANSTON
Tue,04/11/2017 06:43:00 PM,1500,PITNER AV,EVANSTON
Tue,04/11/2017 06:43:00 PM,1500,PITNER AV,EVANSTON
Tue,04/11/2017 10:48:00 AM,2400,MAIN ST,EVANSTON
Mon,04/10/2017 07:05:00 PM,1800,EMERSON ST,EVANSTON
Sun,04/09/2017 06:00:00 PM,600,HOWARD ST,EVANSTON
Sun,04/09/2017 02:29:00 PM,2400,MAIN ST,EVANSTON
Sat,04/08/2017 12:15:00 AM,2400,MAIN ST,EVANSTON
Fri,04/07/2017 11:39:00 PM,8600,MC CORMICK BL/DEMPSTER ST,SKOKIE
Fri,04/07/2017 11:34:00 PM,8600,MC CORMICK BL/DEMPSTER ST,SKOKIE
Fri,04/07/2017 11:24:00 PM,8600,MC CORMICK BL/DEMPSTER ST,SKOKIE
Fri,04/07/2017 11:18:00 PM,1900,HOVLAND CT/EMERSON ST,EVANSTON
Fri,04/07/2017 11:09:00 PM,900,MC DANIEL AV/BRADLEY PL,EVANSTON
Fri,04/07/2017 10:58:00 PM,900,MC DANIEL AV/BRADLEY PL,EVANSTON
Fri,04/07/2017 10:50:00 PM,900,MC DANIEL AV/BRADLEY PL,EVANSTON
Fri,04/07/2017 02:52:00 AM,1000,CHICAGO AV,EVANSTON
Fri,04/07/2017 01:23:00 AM,600,CASE PL,EVANSTON
Wed,04/05/2017 03:11:00 AM,1300,HARTREY AV,EVANSTON
Mon,04/03/2017 07:52:00 PM,900,ASHLAND AV,EVANSTON
Mon,04/03/2017 11:30:00 AM,1500,MAIN ST,EVANSTON
Mon,04/03/2017 11:22:00 AM,1500,MAIN ST,EVANSTON
Sun,04/02/2017 06:32:00 PM,1900,ASBURY AV,EVANSTON
Sun,04/02/2017 04:01:00 PM,1900,ASBURY AV,EVANSTON
Sun,04/02/2017 12:10:00 AM,800,HOWARD ST,EVANSTON
Sat,04/01/2017 09:25:00 PM,800,HOWARD ST,EVANSTON
Sat,04/01/2017 11:44:00 AM,2600,CENTRAL ST,EVANSTON
Sat,04/01/2017 08:30:00 AM,2600,CENTRAL ST,EVANSTON
Sat,04/01/2017 08:00:00 AM,2600,CENTRAL ST,EVANSTON
Sat,04/01/2017 01:54:00 AM,700,OAKTON ST/CUSTER AV,EVANSTON
Fri,03/31/2017 11:38:00 PM,7400,RIDGE,
Thu,03/30/2017 04:24:00 PM,9100,EWING AV,SKOKIE
Tue,03/28/2017 11:44:00 AM,2100,HOWARD ST,EVANSTON
Tue,03/28/2017 11:17:00 AM,2100,HOWARD ST,EVANSTON
Tue,03/28/2017 01:47:00 AM,200,DODGE AV,EVANSTON
Tue,03/28/2017 01:47:00 AM,200,DODGE AV,EVANSTON
Tue,03/28/2017 12:22:00 AM,9200,EAST PRAIRIE RD,SKOKIE
Mon,03/27/2017 09:43:00 PM,300,DODGE AV,EVANSTON
Mon,03/27/2017 09:09:00 PM,300,DODGE AV,EVANSTON
Mon,03/27/2017 09:09:00 PM,300,DODGE AV,EVANSTON
Mon,03/27/2017 08:04:00 PM,1000,HOWARD ST,EVANSTON
Sun,03/26/2017 11:29:00 PM,800,SHERIDAN RD,EVANSTON
Sun,03/26/2017 11:29:00 PM,800,SHERIDAN RD,EVANSTON
Sun,03/26/2017 10:36:00 PM,100,CALLAN AV,EVANSTON
Sun,03/26/2017 09:49:00 PM,1700,HARTREY AV,EVANSTON
Sun,03/26/2017 09:46:00 PM,1700,HARTREY AV,EVANSTON
Fri,03/24/2017 09:44:00 PM,1600,FOSTER ST/ASHLAND AV,EVANSTON
Fri,03/24/2017 09:01:00 PM,1600,MC DANIEL AV,EVANSTON
Thu,03/23/2017 08:23:00 PM,1200,PITNER AV,EVANSTON
Thu,03/23/2017 08:12:00 PM,1200,PITNER AV,EVANSTON
Thu,03/23/2017 06:07:00 PM,1200,PITNER AV,EVANSTON
Thu,03/23/2017 06:07:00 PM,1200,PITNER AV,EVANSTON
Thu,03/23/2017 04:31:00 PM,1800,SIMPSON ST,EVANSTON
Thu,03/23/2017 12:11:00 AM,800,MULFORD ST,EVANSTON
Wed,03/22/2017 08:07:00 PM,1900,EMERSON ST,EVANSTON
Tue,03/21/2017 07:08:00 PM,2100,HOWARD ST/HOYNE AV,CHICAGO
Tue,03/21/2017 01:30:00 AM,2300,DEMPSTER ST/PITNER AV,EVANSTON
Mon,03/20/2017 11:11:00 PM,2300,DEMPSTER ST/PITNER AV,EVANSTON
Mon,03/20/2017 11:10:00 PM,2300,DEMPSTER ST/PITNER AV,EVANSTON
Mon,03/20/2017 08:49:00 PM,1900,ASBURY AV,EVANSTON
Mon,03/20/2017 07:25:00 PM,600,CUSTER AV,EVANSTON
Sun,03/19/2017 10:03:00 PM,1200,ASBURY AV,EVANSTON
Sun,03/19/2017 04:50:00 PM,1600,HOWARD ST,EVANSTON
Sun,03/19/2017 01:46:00 PM,2200,HOWARD ST,EVANSTON
Sat,03/18/2017 10:38:00 PM,600,LAKE ST/CHICAGO AV,EVANSTON
Sat,03/18/2017 07:30:00 PM,2400,MAIN ST,EVANSTON
Sat,03/18/2017 06:55:00 PM,2400,DEMPSTER ST,EVANSTON
Sat,03/18/2017 01:31:00 AM,400,RIDGE AV,EVANSTON
Sat,03/18/2017 01:31:00 AM,400,RIDGE AV,EVANSTON
Sat,03/18/2017 01:31:00 AM,400,RIDGE AV,EVANSTON
Fri,03/17/2017 05:03:00 AM,1900,MAIN ST,EVANSTON
Fri,03/17/2017 02:19:00 AM,3400,CHURCH ST/EAST PRAIRIE RD,SKOKIE
Thu,03/16/2017 12:15:00 AM,1200,GREENLEAF ST,EVANSTON
Wed,03/15/2017 07:09:00 PM,1600,DODGE AV,EVANSTON
Wed,03/15/2017 06:37:00 PM,1800,WESLEY AV,EVANSTON
Wed,03/15/2017 02:55:00 PM,3300,MAIN ST,SKOKIE
Wed,03/15/2017 02:17:00 PM,3300,MAIN ST,SKOKIE
Wed,03/15/2017 02:17:00 PM,3300,MAIN ST,SKOKIE
Wed,03/15/2017 05:27:00 AM,200,CALLAN AV,EVANSTON
Wed,03/15/2017 02:00:00 AM,1300,MC DANIEL AV,EVANSTON
Tue,03/14/2017 04:44:00 PM,1800,ASBURY AV,EVANSTON
Tue,03/14/2017 04:44:00 PM,1800,ASBURY AV,EVANSTON
Tue,03/14/2017 01:27:00 AM,1800,BIRCHWOOD AV/CLARK ST,CHICAGO
Sun,03/12/2017 09:35:00 PM,700,HOWARD ST,EVANSTON
Sun,03/12/2017 09:28:00 PM,700,HOWARD ST,EVANSTON
Sun,03/12/2017 08:49:00 PM,1100,CHICAGO AV,EVANSTON
Sun,03/12/2017 12:08:00 AM,700,SEWARD ST,EVANSTON
Sat,03/11/2017 10:29:00 PM,1200,CHURCH ST,EVANSTON
Sat,03/11/2017 10:18:00 PM,1200,CHURCH ST,EVANSTON
Fri,03/10/2017 04:08:00 PM,1300,HARTREY AV,EVANSTON
Fri,03/10/2017 01:45:00 AM,1700,LEE ST,EVANSTON
Wed,03/08/2017 11:10:00 PM,300,DODGE AV,EVANSTON
Wed,03/08/2017 11:05:00 PM,300,DODGE AV,EVANSTON
Wed,03/08/2017 11:05:00 PM,300,DODGE AV,EVANSTON
Wed,03/08/2017 11:05:00 PM,300,DODGE AV,EVANSTON
Tue,03/07/2017 10:08:00 PM,2900,CENTRAL ST,EVANSTON
Tue,03/07/2017 08:40:00 PM,2900,CENTRAL ST,EVANSTON
Mon,03/06/2017 10:30:00 PM,2400,EMERSON ST,EVANSTON
Mon,03/06/2017 09:17:00 PM,800,DAVIS ST,EVANSTON
Mon,03/06/2017 03:23:00 PM,1700,DARROW AV,EVANSTON
Sun,03/05/2017 05:48:00 PM,1900,DEMPSTER ST,EVANSTON
Sun,03/05/2017 05:48:00 PM,1900,DEMPSTER ST,EVANSTON
Sun,03/05/2017 05:48:00 PM,1900,DEMPSTER ST,EVANSTON
Sun,03/05/2017 05:16:00 PM,1800,CHURCH ST,EVANSTON
Sun,03/05/2017 05:16:00 PM,1800,CHURCH ST,EVANSTON
Sun,03/05/2017 04:46:00 PM,2700,CRAWFORD AV,EVANSTON
Sat,03/04/2017 11:50:00 PM,1900,GREENWOOD ST/DODGE AV,EVANSTON
Sat,03/04/2017 07:58:00 PM,1800,DODGE AV,EVANSTON
Sat,03/04/2017 07:53:00 PM,1800,DODGE AV,EVANSTON
Sat,03/04/2017 07:53:00 PM,1800,DODGE AV,EVANSTON
Sat,03/04/2017 07:31:00 PM,,CALIFORNIA/TOUHY,CHICAGO
Fri,03/03/2017 11:45:00 PM,400,HOWARD ST,EVANSTON
Fri,03/03/2017 11:45:00 PM,400,HOWARD ST,EVANSTON
Fri,03/03/2017 09:54:00 AM,800,DAVIS ST,EVANSTON
Fri,03/03/2017 01:22:00 AM,1600,LAKE ST,EVANSTON
Fri,03/03/2017 01:10:00 AM,1600,LAKE ST,EVANSTON
Fri,03/03/2017 12:33:00 AM,1800,LELAND AV,EVANSTON
Thu,03/02/2017 11:30:00 PM,2300,NOYES CT,EVANSTON
Thu,03/02/2017 07:07:00 PM,1400,DARROW AV,EVANSTON
Thu,03/02/2017 06:59:00 PM,2000,ASHLAND AV,EVANSTON
Thu,03/02/2017 06:59:00 PM,2000,ASHLAND AV,EVANSTON
Thu,03/02/2017 06:00:00 PM,1400,DARROW AV,EVANSTON
Thu,03/02/2017 04:51:00 PM,1400,GREY AV,EVANSTON
Thu,03/02/2017 04:39:00 PM,1600,MADISON ST,EVANSTON
Thu,03/02/2017 02:43:00 AM,1100,PITNER AV,EVANSTON
Thu,03/02/2017 02:43:00 AM,1100,PITNER AV,EVANSTON
Thu,03/02/2017 01:14:00 AM,1800,RIDGE AV,EVANSTON
Wed,03/01/2017 11:34:00 PM,1500,MC DANIEL AV,EVANSTON
Wed,03/01/2017 11:34:00 PM,1500,MC DANIEL AV,EVANSTON
Wed,03/01/2017 07:16:00 PM,1500,PITNER AV,EVANSTON
Wed,03/01/2017 03:17:00 PM,1500,PITNER AV,EVANSTON
Wed,03/01/2017 03:17:00 PM,1500,PITNER AV,EVANSTON
Tue,02/28/2017 07:14:00 PM,2300,LAKE ST,EVANSTON
Tue,02/28/2017 06:57:00 PM,2300,LAKE ST,EVANSTON
Tue,02/28/2017 02:39:00 AM,1700,ORRINGTON AV,EVANSTON
Tue,02/28/2017 02:36:00 AM,1700,ORRINGTON AV,EVANSTON
Tue,02/28/2017 12:48:00 AM,600,SHERIDAN SQ,EVANSTON
Mon,02/27/2017 10:23:00 PM,1600,MC DANIEL AV,EVANSTON
Mon,02/27/2017 10:20:00 PM,1600,MC DANIEL AV,EVANSTON
Mon,02/27/2017 10:18:00 PM,1600,MC DANIEL AV,EVANSTON
Mon,02/27/2017 09:49:00 PM,1600,MC DANIEL AV,EVANSTON
Mon,02/27/2017 09:49:00 PM,1600,MC DANIEL AV,EVANSTON
Mon,02/27/2017 03:49:00 PM,1500,CHURCH ST,EVANSTON
Sun,02/26/2017 05:45:00 PM,7500,DAMEN AV,CHICAGO
Sun,02/26/2017 12:36:00 PM,500,JUDSON AV,EVANSTON
Sun,02/26/2017 07:35:00 AM,1100,LAKE SHORE BL,EVANSTON
Sun,02/26/2017 02:15:00 AM,2000,ASHLAND AV,EVANSTON
Sat,02/25/2017 11:58:00 PM,2400,EMERSON ST,EVANSTON
Sat,02/25/2017 11:52:00 PM,2400,EMERSON ST,EVANSTON
Sat,02/25/2017 11:49:00 PM,2400,EMERSON ST,EVANSTON
Sat,02/25/2017 11:44:00 PM,2400,EMERSON ST,EVANSTON
Sat,02/25/2017 11:41:00 PM,2400,EMERSON ST,EVANSTON
Sat,02/25/2017 10:33:00 PM,2400,EMERSON ST,EVANSTON
Sat,02/25/2017 03:53:00 PM,2200,GREENWOOD ST,EVANSTON
Sat,02/25/2017 12:43:00 AM,2300,LYONS ST/LAUREL AV,EVANSTON
Fri,02/24/2017 12:01:00 AM,,GOLF/EAST PRAIRIE,SKOKIE
Fri,02/24/2017 12:01:00 AM,,GOLF/EAST PRARIE,
Fri,02/24/2017 12:01:00 AM,,GOLF/EAST PRAIRIE,SKOKIE
Fri,02/24/2017 12:01:00 AM,,GOLF/EAST PRAIRIE,SKOKIE
Fri,02/24/2017 12:00:00 AM,,GOLF/EAST PRAIRIE,SKOKIE
Thu,02/23/2017 01:31:00 AM,700,CHICAGO AV,EVANSTON
Thu,02/23/2017 01:27:00 AM,700,CHICAGO AV,EVANSTON
Thu,02/23/2017 12:28:00 AM,900,FOREST AV,EVANSTON
Wed,02/22/2017 10:59:00 AM,600,CALLAN AV,EVANSTON
Wed,02/22/2017 10:43:00 AM,600,CALLAN AV,EVANSTON
Mon,02/20/2017 09:45:00 PM,1000,DODGE AV,EVANSTON
Mon,02/20/2017 09:45:00 PM,1000,DODGE AV,EVANSTON
Mon,02/20/2017 09:06:00 PM,1900,LAKE ST/DODGE AV,EVANSTON
Mon,02/20/2017 07:21:00 PM,2600,ELGIN RD,EVANSTON
Mon,02/20/2017 06:33:00 PM,2600,ELGIN RD,EVANSTON
Mon,02/20/2017 01:14:00 AM,100,KEDZIE ST,EVANSTON
Sun,02/19/2017 06:38:00 PM,1200,DODGE AV,EVANSTON
Sun,02/19/2017 05:46:00 PM,1500,DOBSON ST,EVANSTON
Sun,02/19/2017 05:46:00 PM,1500,DOBSON ST,EVANSTON
Sat,02/18/2017 11:59:00 PM,1000,ASBURY AV,EVANSTON
Sat,02/18/2017 11:59:00 PM,1000,ASBURY AV,EVANSTON
Sat,02/18/2017 01:49:00 AM,1800,FOSTER ST/DARROW AV,EVANSTON
Sat,02/18/2017 12:15:00 AM,1000,ASBURY AV,EVANSTON
Fri,02/17/2017 11:09:00 PM,1000,FOWLER AV/NATHANIEL PL,EVANSTON
Fri,02/17/2017 07:58:00 PM,2000,DODGE AV/FOSTER ST,EVANSTON
Fri,02/17/2017 07:56:00 PM,2000,DODGE AV/FOSTER ST,EVANSTON
Fri,02/17/2017 05:38:00 PM,2000,JACKSON AV,EVANSTON
Fri,02/17/2017 05:38:00 PM,2000,JACKSON AV,EVANSTON
Thu,02/16/2017 03:46:00 AM,2200,MAIN ST,EVANSTON
Thu,02/16/2017 03:20:00 AM,2200,MAIN ST,EVANSTON
Thu,02/16/2017 02:51:00 AM,1800,DARROW AV/LYONS ST,EVANSTON
Thu,02/16/2017 02:42:00 AM,300,ASBURY AV,EVANSTON
Thu,02/16/2017 02:17:00 AM,1800,DARROW AV/LYONS ST,EVANSTON
Wed,02/15/2017 12:05:00 AM,1900,FOSTER ST,EVANSTON
Tue,02/14/2017 09:49:00 PM,1600,SIMPSON ST/ASHLAND AV,EVANSTON
Tue,02/14/2017 09:46:00 PM,1600,SIMPSON ST/ASHLAND AV,EVANSTON
Tue,02/14/2017 09:42:00 PM,1600,SIMPSON ST/ASHLAND AV,EVANSTON
Tue,02/14/2017 12:20:00 AM,1600,FOSTER ST/ASHLAND AV,EVANSTON
Tue,02/14/2017 12:16:00 AM,1600,FOSTER ST/ASHLAND AV,EVANSTON
Tue,02/14/2017 12:10:00 AM,1600,FOSTER ST/ASHLAND AV,EVANSTON
Mon,02/13/2017 04:47:00 PM,1900,HOWARD ST,EVANSTON
Mon,02/13/2017 02:36:00 PM,1400,DOBSON ST,EVANSTON
Mon,02/13/2017 01:10:00 PM,1000,CHICAGO AV,EVANSTON
Sun,02/12/2017 10:49:00 PM,1700,CLEVELAND ST/DEWEY AV,EVANSTON
Sun,02/12/2017 10:33:00 PM,600,DODGE AV,EVANSTON
Sun,02/12/2017 10:10:00 PM,600,DODGE AV,EVANSTON
Sun,02/12/2017 09:29:00 PM,100,RIDGE AV,EVANSTON
Sun,02/12/2017 09:15:00 PM,600,DODGE AV,EVANSTON
Sun,02/12/2017 01:30:00 PM,1000,SHERIDAN RD,EVANSTON
Sat,02/11/2017 11:36:00 PM,800,CHICAGO AV,EVANSTON
Sat,02/11/2017 10:08:00 PM,2300,NOYES CT,EVANSTON
Sat,02/11/2017 06:36:00 PM,1600,DODGE AV,EVANSTON
Sat,02/11/2017 04:19:00 AM,300,DAVIS ST,EVANSTON
Sat,02/11/2017 12:48:00 AM,2300,NOYES CT,EVANSTON
Fri,02/10/2017 10:39:00 PM,1800,DODGE AV,EVANSTON
Fri,02/10/2017 10:39:00 PM,1800,DODGE AV,EVANSTON
Fri,02/10/2017 10:39:00 PM,1800,DODGE AV,EVANSTON
Fri,02/10/2017 10:30:00 PM,1800,FOSTER ST,EVANSTON
Fri,02/10/2017 12:21:00 PM,2100,HOWARD ST/HOYNE AV,CHICAGO
Fri,02/10/2017 09:04:00 AM,2100,HOWARD ST/HOYNE AV,CHICAGO
Thu,02/09/2017 06:07:00 AM,1900,FOSTER ST,EVANSTON
Wed,02/08/2017 06:30:00 PM,1000,EMERSON ST,EVANSTON
Wed,02/08/2017 05:00:00 PM,1800,HOVLAND CT,EVANSTON
Wed,02/08/2017 07:43:00 AM,1900,JUNEWAY TER,EVANSTON
Tue,02/07/2017 09:18:00 PM,3300,DEMPSTER ST,SKOKIE
Tue,02/07/2017 06:01:00 PM,1900,DARROW AV,EVANSTON
Tue,02/07/2017 03:18:00 PM,1900,DARROW AV,EVANSTON
Tue,02/07/2017 09:06:00 AM,1900,JUNEWAY TER,EVANSTON
Tue,02/07/2017 09:06:00 AM,1900,JUNEWAY TER,EVANSTON
Tue,02/07/2017 01:58:00 AM,400,DODGE AV/KIRK ST,EVANSTON
Tue,02/07/2017 12:39:00 AM,400,DODGE AV/KIRK ST,EVANSTON
Tue,02/07/2017 12:07:00 AM,100,CUSTER AV,EVANSTON
Tue,02/07/2017 12:07:00 AM,100,CUSTER AV,EVANSTON
Tue,02/07/2017 12:07:00 AM,100,CUSTER AV,EVANSTON
Mon,02/06/2017 08:46:00 PM,1300,LAKE ST,EVANSTON
Sat,02/04/2017 11:10:00 PM,2700,HARTZELL ST,EVANSTON
Sat,02/04/2017 04:47:00 PM,1500,MC DANIEL AV,EVANSTON
Sat,02/04/2017 04:47:00 PM,1500,MC DANIEL AV,EVANSTON
Sat,02/04/2017 03:18:00 PM,700,SHERMAN AV/MONROE ST,EVANSTON
Thu,02/02/2017 10:04:00 PM,2400,CHURCH ST,EVANSTON
Thu,02/02/2017 07:52:00 PM,2400,CHURCH ST,EVANSTON
Wed,02/01/2017 11:02:00 PM,500,CHICAGO AV,EVANSTON
Wed,02/01/2017 09:57:00 PM,300,CUSTER AV,EVANSTON
Wed,02/01/2017 01:20:00 AM,800,DAVIS ST,EVANSTON
Wed,02/01/2017 01:10:00 AM,800,DAVIS ST,EVANSTON
Wed,02/01/2017 12:36:00 AM,800,DAVIS ST,EVANSTON
Sun,01/29/2017 11:21:00 PM,1800,BROWN AV,EVANSTON
Sun,01/29/2017 08:45:00 PM,1600,OAK AV,EVANSTON
Sat,01/28/2017 04:33:00 PM,1900,JACKSON AV,EVANSTON
Sat,01/28/2017 03:57:00 PM,1900,JACKSON AV,EVANSTON
Sat,01/28/2017 12:31:00 PM,600,HOWARD ST,EVANSTON
Sat,01/28/2017 02:24:00 AM,7300,RIDGE,
Sat,01/28/2017 12:38:00 AM,600,SHERIDAN SQ,EVANSTON
Sat,01/28/2017 12:20:00 AM,500,SHERIDAN SQ,EVANSTON
Fri,01/27/2017 05:12:00 PM,2100,OAKTON ST,EVANSTON
Fri,01/27/2017 04:35:00 PM,2200,EMERSON ST,EVANSTON
Thu,01/26/2017 08:57:00 PM,2200,FOSTER ST,EVANSTON
Thu,01/26/2017 05:24:00 PM,1100,DODGE AV,EVANSTON
Tue,01/24/2017 04:46:00 PM,2400,MAIN ST,EVANSTON
Mon,01/23/2017 06:15:00 PM,1400,SHERMAN AV,EVANSTON
Mon,01/23/2017 03:17:00 PM,900,DAVIS ST,EVANSTON
Mon,01/23/2017 12:07:00 AM,700,WASHINGTON ST,EVANSTON
Sun,01/22/2017 04:32:00 PM,1100,WESLEY AV,EVANSTON
Sun,01/22/2017 02:15:00 AM,100,GREY AV,EVANSTON
Sun,01/22/2017 02:15:00 AM,100,GREY AV,EVANSTON
Sun,01/22/2017 01:09:00 AM,1800,ASHLAND AV,EVANSTON
Sun,01/22/2017 01:00:00 AM,1600,SIMPSON ST/ASHLAND AV,EVANSTON
Sun,01/22/2017 12:10:00 AM,,DEMPSTER/MCCORMICK,SKOKIE
Sun,01/22/2017 12:10:00 AM,,DEMPSTER/MCCORMICK,SKOKIE
Sun,01/22/2017 12:10:00 AM,,DEMPSTER/MCCORMICK,SKOKIE
Sun,01/22/2017 12:10:00 AM,,DEMPSTER/MCCORMICK,SKOKIE
Sat,01/21/2017 11:20:00 PM,1800,ASHLAND AV,EVANSTON
Sat,01/21/2017 11:20:00 PM,1800,ASHLAND,EVANSTON
Sat,01/21/2017 11:20:00 PM,1800,ASHLAND AV,EVANSTON
Sat,01/21/2017 04:55:00 PM,800,CHURCH ST,EVANSTON
Sat,01/21/2017 04:55:00 PM,800,CHURCH ST,EVANSTON
Sat,01/21/2017 04:55:00 PM,800,CHURCH ST,EVANSTON
Sat,01/21/2017 04:55:00 PM,800,CHURCH ST,EVANSTON
Sat,01/21/2017 06:41:00 AM,100,RIDGE AV,EVANSTON
Sat,01/21/2017 01:44:00 AM,1900,GREY AV,EVANSTON
Fri,01/20/2017 05:03:00 PM,2000,CHURCH ST,EVANSTON
Fri,01/20/2017 03:43:00 AM,2000,LAKE ST/BROWN AV,EVANSTON
Fri,01/20/2017 01:45:00 AM,1200,OAKTON ST,EVANSTON
Fri,01/20/2017 01:32:00 AM,1900,GREY AV,EVANSTON
Thu,01/19/2017 04:15:00 PM,2400,DEMPSTER ST,EVANSTON
Thu,01/19/2017 02:31:00 AM,7600,CLAREMONT,CHICAGO
Tue,01/17/2017 08:37:00 PM,100,RIDGE AV,EVANSTON
Tue,01/17/2017 05:43:00 PM,800,HOWARD ST,EVANSTON
Tue,01/17/2017 05:01:00 PM,7800,MARSHFIELD AV/JUNEWAY TER,CHICAGO
Mon,01/16/2017 02:27:00 AM,400,RIDGE AV,EVANSTON
Mon,01/16/2017 02:27:00 AM,400,RIDGE AV,EVANSTON
Mon,01/16/2017 12:56:00 AM,1600,DOBSON ST/FLORENCE AV,EVANSTON
Mon,01/16/2017 12:27:00 AM,400,RIDGE AV,EVANSTON
Mon,01/16/2017 12:27:00 AM,400,RIDGE AV,EVANSTON
Mon,01/16/2017 12:03:00 AM,2400,NATHANIEL PL,EVANSTON
Sun,01/15/2017 11:57:00 PM,2400,NATHANIEL PL,EVANSTON
Sun,01/15/2017 09:11:00 PM,2400,NATHANIEL PL,EVANSTON
Sun,01/15/2017 04:34:00 PM,1900,GRANT ST,EVANSTON
Sun,01/15/2017 12:08:00 AM,2400,NATHANIEL PL,EVANSTON
Sat,01/14/2017 11:59:00 PM,1300,HARTREY AV,EVANSTON
Sat,01/14/2017 12:02:00 AM,1900,HOWARD ST/DODGE AV,EVANSTON
Fri,01/13/2017 01:52:00 AM,400,RIDGE AV,EVANSTON
Fri,01/13/2017 01:25:00 AM,400,RIDGE AV,EVANSTON
Thu,01/12/2017 10:18:00 PM,1700,EMERSON ST,EVANSTON
Wed,01/11/2017 04:59:00 PM,1400,HOWARD ST,CHICAGO
Wed,01/11/2017 03:48:00 PM,1400,HOWARD ST,EVANSTON
Wed,01/11/2017 12:48:00 AM,,CLARK/BIRCHWOOD,CHICAGO
Tue,01/10/2017 11:36:00 PM,1900,DEWEY AV/EMERSON ST,EVANSTON
Tue,01/10/2017 09:06:00 PM,1900,FOSTER ST,EVANSTON
Tue,01/10/2017 09:03:00 PM,1400,CLEVELAND ST,EVANSTON
Mon,01/09/2017 05:59:00 AM,1100,DODGE AV,EVANSTON
Sun,01/08/2017 09:20:00 PM,7500,CLARK,CHICAGO
Sun,01/08/2017 12:58:00 AM,2000,CHURCH ST,EVANSTON
Sun,01/08/2017 12:34:00 AM,400,RIDGE AV,EVANSTON
Sun,01/08/2017 12:34:00 AM,400,RIDGE AV,EVANSTON
Sun,01/08/2017 12:07:00 AM,600,CASE PL,EVANSTON
Sat,01/07/2017 11:24:00 PM,3400,CHURCH ST,SKOKIE
Sat,01/07/2017 06:53:00 PM,2000,DARROW AV,EVANSTON
Sat,01/07/2017 06:52:00 PM,2000,DARROW AV,EVANSTON
Fri,01/06/2017 11:30:00 PM,700,CHURCH ST,EVANSTON
Fri,01/06/2017 11:24:00 PM,700,CHURCH ST,EVANSTON
Fri,01/06/2017 05:45:00 PM,1700,DARROW AV,EVANSTON
Fri,01/06/2017 04:21:00 PM,700,CHURCH ST,EVANSTON
Fri,01/06/2017 04:21:00 PM,700,CHURCH ST,EVANSTON
Fri,01/06/2017 04:10:00 PM,100,CHICAGO AV,EVANSTON
Fri,01/06/2017 04:10:00 PM,100,CHICAGO AV,EVANSTON
Wed,01/04/2017 09:46:00 PM,1300,HOWARD ST,EVANSTON
Tue,01/03/2017 06:28:00 PM,1900,HOWARD ST,EVANSTON
Tue,01/03/2017 06:17:00 PM,1900,HOWARD ST,EVANSTON
Tue,01/03/2017 03:27:00 AM,400,DARROW AV,EVANSTON
Tue,01/03/2017 03:23:00 AM,2200,CHURCH ST,EVANSTON
Tue,01/03/2017 12:09:00 AM,1000,BROWN AV,EVANSTON
Tue,01/03/2017 12:09:00 AM,1000,BROWN AV,EVANSTON
Mon,01/02/2017 02:15:00 AM,1900,ASBURY AV,EVANSTON
Thu,12/29/2016 03:38:00 AM,2300,GREEN BAY RD,EVANSTON
Thu,12/29/2016 02:15:00 AM,1300,EMERSON ST,EVANSTON
Tue,12/27/2016 09:44:00 PM,900,DAVIS ST,EVANSTON
Tue,12/27/2016 09:29:00 PM,600,HOWARD ST,EVANSTON
Tue,12/27/2016 03:24:00 AM,1900,ASBURY AV,EVANSTON
Tue,12/27/2016 03:05:00 AM,1900,ASBURY AV,EVANSTON
Tue,12/27/2016 02:42:00 AM,1900,ASBURY AV,EVANSTON
Tue,12/27/2016 02:32:00 AM,1900,ASBURY AV,EVANSTON
Tue,12/27/2016 02:08:00 AM,1800,W BIRCHWOOD,CHICAGO
Mon,12/26/2016 07:54:00 PM,1800,DEMPSTER ST,EVANSTON
Mon,12/26/2016 07:54:00 PM,1800,DEMPSTER ST,EVANSTON
Mon,12/26/2016 02:05:00 PM,1800,CRAIN ST,EVANSTON
Sat,12/24/2016 03:51:00 AM,,WESTERN/HOWARD,CHICAGO
Sat,12/24/2016 03:39:00 AM,,WESTERN/HOWARD,CHICAGO
Sat,12/24/2016 03:16:00 AM,,WESTERN/HOWARD,CHICAGO
Fri,12/23/2016 04:25:00 AM,300,DODGE AV,EVANSTON
Fri,12/23/2016 04:10:00 AM,300,DODGE AV,EVANSTON
Fri,12/23/2016 01:39:00 AM,0,CUSTER AV/HOWARD ST,EVANSTON
Thu,12/22/2016 11:43:00 PM,,CLARK/ROGERS,CHICAGO
Thu,12/22/2016 02:53:00 AM,9500,MCCORMICK,SKOKIE
Thu,12/22/2016 01:41:00 AM,,BOSWORTH/JONQUIL,CHICAGO
Thu,12/22/2016 12:21:00 AM,700,HOWARD,EVANSTON
Wed,12/21/2016 11:43:00 PM,900,DODGE AV/MAIN ST,EVANSTON
Tue,12/20/2016 11:45:00 PM,1200,DODGE AV,EVANSTON
Tue,12/20/2016 02:25:00 AM,1900,DEMPSTER ST,EVANSTON
Mon,12/19/2016 11:39:00 PM,9400,MCCORMICK,SKOKIE
Sun,12/18/2016 11:31:00 PM,400,BARTON AV,EVANSTON
Sun,12/18/2016 11:31:00 PM,400,BARTON AV,EVANSTON
Sun,12/18/2016 11:31:00 PM,400,BARTON AV,EVANSTON
Sun,12/18/2016 05:30:00 AM,400,BARTON AV,EVANSTON
Sat,12/17/2016 12:45:00 AM,1600,ASBURY AV,EVANSTON
Fri,12/16/2016 02:36:00 AM,1700,MC DANIEL AV,EVANSTON
Fri,12/16/2016 12:12:00 AM,,CALIFORNIA/TOUHY,CHICAGO
Thu,12/15/2016 01:47:00 AM,1200,MC DANIEL AV,EVANSTON
Sun,12/11/2016 12:04:00 AM,,DEMPSTER/MCCORMICK,SKOKIE
Sat,12/10/2016 03:22:00 AM,1400,ASBURY AV,EVANSTON
Sat,12/10/2016 02:43:00 AM,2000,BROWN AV,EVANSTON
Sat,12/10/2016 01:40:00 AM,1400,ASBURY AV,EVANSTON
Fri,12/09/2016 11:52:00 PM,1000,OAKTON ST/RIDGE AV,EVANSTON
Fri,12/09/2016 07:23:00 PM,1900,JACKSON AV,EVANSTON
Fri,12/09/2016 07:23:00 PM,1900,JACKSON AV,EVANSTON
Fri,12/09/2016 04:12:00 AM,,HOWARD/WOLCOTT,CHICAGO
Fri,12/09/2016 03:11:00 AM,2200,CHURCH ST,EVANSTON
Fri,12/09/2016 02:11:00 AM,,HOWARD/WOLCOTT,CHICAGO
Fri,12/09/2016 12:15:00 AM,1800,WESLEY AV,EVANSTON
Fri,12/09/2016 12:15:00 AM,1800,WESLEY AV,EVANSTON
Fri,12/09/2016 12:15:00 AM,1800,WESLEY AV,EVANSTON
Thu,12/08/2016 11:20:00 PM,1700,DARROW AV,EVANSTON
Thu,12/08/2016 12:49:00 PM,1500,PITNER AV/GROVE ST,EVANSTON
Wed,12/07/2016 11:32:00 PM,1500,EMERSON ST/ASHLAND AV,EVANSTON
Mon,12/05/2016 08:45:00 PM,500,MICHIGAN AV,EVANSTON
Sun,12/04/2016 04:16:00 AM,2400,GREEN BAY RD/LINCOLN ST,EVANSTON
Sat,12/03/2016 12:20:00 AM,1000,ELMWOOD AVENUE,EVANSTON
Sat,12/03/2016 12:17:00 AM,800,HOWARD ST,EVANSTON
Fri,12/02/2016 10:28:00 PM,1300,DODGE AV/DEMPSTER ST,EVANSTON
Thu,12/01/2016 09:57:00 PM,1000,CHICAGO AV/LEE ST,EVANSTON
Thu,12/01/2016 03:27:00 AM,100,OAKTON ST/ARNOLD PL,EVANSTON
Thu,12/01/2016 12:34:00 AM,1800,TOUHY,CHICAGO
Wed,11/30/2016 09:48:00 PM,100,CUSTER AV,EVANSTON
Wed,11/30/2016 09:48:00 PM,100,CUSTER AV,EVANSTON
Tue,11/29/2016 01:45:00 AM,200,CUSTER AV,EVANSTON
Sun,11/27/2016 01:57:00 AM,100,CHICAGO AV,EVANSTON
Sun,11/27/2016 01:13:00 AM,2200,DEMPSTER ST/HARTREY AV,EVANSTON
Sat,11/26/2016 11:40:00 PM,400,HOWARD ST,EVANSTON
Sat,11/26/2016 11:33:00 PM,400,HOWARD ST,EVANSTON
Fri,11/25/2016 08:40:00 PM,100,ASBURY AV,EVANSTON
Thu,11/24/2016 10:54:00 PM,2400,MAIN ST,EVANSTON
Wed,11/23/2016 05:45:00 AM,100,RIDGE AV,EVANSTON
Wed,11/23/2016 05:36:00 AM,100,RIDGE AV,EVANSTON
Wed,11/23/2016 12:03:00 AM,1300,FOWLER AV,EVANSTON
Tue,11/22/2016 12:30:00 PM,1800,DODGE AV,EVANSTON
Tue,11/22/2016 12:46:00 AM,600,HOWARD ST,EVANSTON
Tue,11/22/2016 12:31:00 AM,2000,FOSTER ST,EVANSTON
Tue,11/22/2016 12:26:00 AM,1700,EMERSON ST,EVANSTON
Mon,11/21/2016 11:59:00 PM,1000,EMERSON ST/MAPLE AV,EVANSTON
Mon,11/21/2016 11:50:00 PM,1000,EMERSON ST/MAPLE AV,EVANSTON
Mon,11/21/2016 11:41:00 PM,1000,EMERSON ST/MAPLE AV,EVANSTON
Mon,11/21/2016 12:30:00 PM,2000,DODGE AV,EVANSTON
Mon,11/21/2016 12:30:00 PM,2000,DODGE AV,EVANSTON
Mon,11/21/2016 04:00:00 AM,2500,HOWARD ST,EVANSTON
Mon,11/21/2016 04:00:00 AM,2500,HOWARD ST,EVANSTON
Mon,11/21/2016 12:15:00 AM,800,LAKE ST/SHERMAN AV,EVANSTON
Sat,11/19/2016 09:42:00 PM,100,RIDGE AV,EVANSTON
Sat,11/19/2016 09:42:00 PM,100,RIDGE AV,EVANSTON
Sat,11/19/2016 09:42:00 PM,100,RIDGE AV,EVANSTON
Sat,11/19/2016 07:39:00 PM,700,DODGE AV,EVANSTON
Sat,11/19/2016 07:39:00 PM,700,DODGE AV,EVANSTON
Sat,11/19/2016 07:39:00 PM,700,DODGE AV,EVANSTON
Sat,11/19/2016 07:39:00 PM,700,DODGE AV,EVANSTON
Fri,11/18/2016 11:48:00 PM,1600,FOSTER ST,EVANSTON
Fri,11/18/2016 11:48:00 PM,1600,FOSTER ST,EVANSTON
Fri,11/18/2016 11:48:00 PM,1600,FOSTER ST,EVANSTON
Fri,11/18/2016 11:48:00 PM,1600,FOSTER ST,EVANSTON
Fri,11/18/2016 02:34:00 AM,300,CUSTER AV,EVANSTON
Thu,11/17/2016 02:19:00 AM,400,HOWARD ST,EVANSTON
Thu,11/17/2016 01:41:00 AM,,RIDGE AV/BRUMMEL ST,EVANSTON
Wed,11/16/2016 02:20:00 AM,3900,DEMPSTER ST,SKOKIE
Wed,11/16/2016 01:38:00 AM,100,RIDGE AV,EVANSTON
Wed,11/16/2016 01:33:00 AM,100,RIDGE AV,EVANSTON
Wed,11/16/2016 01:24:00 AM,100,RIDGE AV,EVANSTON
Tue,11/15/2016 12:16:00 AM,1900,SHERIDAN RD,EVANSTON
Mon,11/14/2016 01:47:00 AM,2200,OAKTON ST,EVANSTON
Mon,11/14/2016 01:47:00 AM,2200,OAKTON ST,EVANSTON
Sat,11/12/2016 05:53:00 PM,2500,CHURCH ST,EVANSTON
Sat,11/12/2016 04:50:00 PM,1700,DARROW AV,EVANSTON
Fri,11/11/2016 03:45:00 AM,1000,CHURCH ST,EVANSTON
Fri,11/11/2016 02:35:00 AM,1900,CHURCH ST/BROWN AV,EVANSTON
Fri,11/11/2016 12:49:00 AM,2400,OAKTON ST,EVANSTON
Fri,11/11/2016 12:49:00 AM,2400,OAKTON ST,EVANSTON
Fri,11/11/2016 12:49:00 AM,2400,OAKTON ST,EVANSTON
Thu,11/10/2016 11:59:00 PM,1400,PITNER AV,EVANSTON
Thu,11/10/2016 11:59:00 PM,1400,PITNER AV,EVANSTON
Thu,11/10/2016 07:22:00 PM,800,DOBSON ST,EVANSTON
Thu,11/10/2016 07:22:00 PM,800,DOBSON ST,EVANSTON
Thu,11/10/2016 12:51:00 PM,1600,FOSTER ST,EVANSTON
Thu,11/10/2016 12:57:00 AM,7500,HOYNE AV,CHICAGO
Thu,11/10/2016 12:57:00 AM,7500,HOYNE AV,CHICAGO
Thu,11/10/2016 12:00:00 AM,1400,PITNER AV,EVANSTON
Wed,11/09/2016 06:13:00 PM,1700,HARTREY AV,EVANSTON
Wed,11/09/2016 06:13:00 PM,1700,HARTREY AV,EVANSTON
Wed,11/09/2016 06:13:00 PM,1700,HARTREY AV,EVANSTON
Wed,11/09/2016 06:26:00 AM,9400,MCCORMICK,SKOKIE
Wed,11/09/2016 02:22:00 AM,2500,EMERSON ST,MAINE TWP
Mon,11/07/2016 11:33:00 PM,,WESTERN/HOWARD,CHICAGO
Mon,11/07/2016 11:25:00 PM,,WESTERN/HOWARD,CHICAGO
Sun,11/06/2016 06:00:00 PM,2100,W. HOWARD ST,CHICAGO
Sun,11/06/2016 12:15:00 AM,2100,W HOWARD STREET,CHICAGO
Sat,11/05/2016 10:50:00 PM,2100,BIRCHWOOD,CHICAGO
Sat,11/05/2016 05:45:00 PM,1000,DAVIS ST,EVANSTON
Sat,11/05/2016 05:45:00 PM,1000,DAVIS ST,EVANSTON
Sat,11/05/2016 04:14:00 AM,700,HOWARD ST,EVANSTON
Sat,11/05/2016 04:14:00 AM,700,HOWARD ST,EVANSTON
Fri,11/04/2016 07:53:00 AM,600,CASE PL,EVANSTON
Fri,11/04/2016 07:53:00 AM,600,CASE PL,EVANSTON
Fri,11/04/2016 07:53:00 AM,600,CASE PL,EVANSTON
Thu,11/03/2016 01:25:00 PM,2700,WOODBINE AV,EVANSTON
Thu,11/03/2016 05:17:00 AM,400,ASBURY AV,EVANSTON
Thu,11/03/2016 05:13:00 AM,400,ASBURY AV,EVANSTON
Thu,11/03/2016 05:09:00 AM,400,ASBURY AV,EVANSTON
Thu,11/03/2016 04:59:00 AM,400,ASBURY AV,EVANSTON
Wed,11/02/2016 05:48:00 PM,1700,HOWARD ST,EVANSTON
Wed,11/02/2016 03:11:00 AM,600,BRUMMEL ST,EVANSTON
Wed,11/02/2016 03:11:00 AM,600,BRUMMEL ST,EVANSTON
Wed,11/02/2016 02:38:00 AM,500,ASBURY AV,EVANSTON
Wed,11/02/2016 02:26:00 AM,500,ASBURY AV,EVANSTON
Tue,11/01/2016 01:09:00 AM,300,DEWEY AV,EVANSTON
Tue,11/01/2016 01:03:00 AM,300,DEWEY AV,EVANSTON
Mon,10/31/2016 11:50:00 PM,,ASBURY AV/OAKTON ST,EVANSTON
Mon,10/31/2016 02:18:00 AM,400,HOWARD ST,EVANSTON
Mon,10/31/2016 02:18:00 AM,400,HOWARD ST,EVANSTON
Sun,10/30/2016 03:15:00 AM,2300,CHURCH ST,EVANSTON
Sun,10/30/2016 01:03:00 AM,2300,CHURCH ST,EVANSTON
Sat,10/29/2016 04:09:00 AM,600,SHERIDAN SQ,EVANSTON
Sat,10/29/2016 04:09:00 AM,600,SHERIDAN SQ,EVANSTON
Fri,10/28/2016 11:47:00 PM,800,SHERIDAN RD,EVANSTON
Fri,10/28/2016 11:47:00 PM,800,SHERIDAN RD,EVANSTON
Fri,10/28/2016 06:50:00 PM,1400,DEMPSTER ST/WESLEY AV,EVANSTON
Fri,10/28/2016 04:23:00 AM,400,HOWARD ST,EVANSTON
Fri,10/28/2016 12:05:00 AM,1400,OAKTON ST,EVANSTON
Fri,10/28/2016 12:05:00 AM,1400,OAKTON ST,EVANSTON
Thu,10/27/2016 12:28:00 AM,200,CUSTER AV/BRUMMEL ST,EVANSTON
Wed,10/26/2016 01:33:00 AM,2200,CENTRAL ST,EVANSTON
Tue,10/25/2016 08:37:00 PM,800,DOBSON ST,EVANSTON
Tue,10/25/2016 08:31:00 PM,800,DOBSON ST,EVANSTON
Mon,10/24/2016 03:50:00 AM,400,HOWARD ST,EVANSTON
Mon,10/24/2016 03:50:00 AM,400,RIDGE AV,EVANSTON
Mon,10/24/2016 03:50:00 AM,400,RIDGE AV,EVANSTON
Sun,10/23/2016 11:15:00 PM,1800,CHURCH ST,EVANSTON
Sun,10/23/2016 05:30:00 PM,1800,CHURCH ST,EVANSTON
Fri,10/21/2016 09:31:00 PM,700,DOBSON ST,EVANSTON
Fri,10/21/2016 09:06:00 PM,1000,HOWARD,EVANSTN
Fri,10/21/2016 09:00:00 PM,600,HOWARD ST,EVANSTON
Fri,10/21/2016 07:18:00 PM,2000,DARROW AV,EVANSTON
Fri,10/21/2016 07:09:00 PM,700,DOBSON ST,EVANSTON
Fri,10/21/2016 02:22:00 AM,2100,GREEN BAY RD,EVANSTON
Fri,10/21/2016 01:35:00 AM,2100,GREEN BAY RD,EVANSTON
Fri,10/21/2016 01:35:00 AM,2100,GREEN BAY RD,EVANSTON
Fri,10/21/2016 01:35:00 AM,2100,GREEN BAY,EVANSTON
Fri,10/21/2016 01:35:00 AM,2100,GREEN BAY,EVANSTON
Thu,10/20/2016 11:45:00 PM,1800,DAVIS ST,EVANSTON
Thu,10/20/2016 11:39:00 PM,1800,DAVIS ST,EVANSTON
Thu,10/20/2016 06:59:00 PM,7600,BOSWORTH,CHICAGO
Thu,10/20/2016 01:57:00 AM,400,CALLAN AV,EVANSTON
Wed,10/19/2016 08:59:00 PM,700,HOWARD ST,EVANSTON
Wed,10/19/2016 08:45:00 PM,700,HOWARD ST,EVANSTON
Tue,10/18/2016 11:59:00 PM,2300,W JARVIS AV,CHICAGO
Tue,10/18/2016 09:30:00 PM,1200,MC DANIEL AV,EVANSTON
Tue,10/18/2016 09:08:00 PM,1200,MC DANIEL AV,EVANSTON
Tue,10/18/2016 08:00:00 PM,1200,MC DANIEL AV,EVANSTON
Tue,10/18/2016 04:25:00 AM,600,SHERIDAN SQ,EVANSTON
Tue,10/18/2016 03:36:00 AM,500,SHERIDAN SQ,EVANSTON
Tue,10/18/2016 03:25:00 AM,600,SHERIDAN SQ,EVANSTON
Tue,10/18/2016 12:42:00 AM,2600,SHERIDAN RD,EVANSTON
Tue,10/18/2016 12:42:00 AM,2600,SHERIDAN RD,EVANSTON
Tue,10/18/2016 12:42:00 AM,2600,SHERIDAN RD,EVANSTON
Tue,10/18/2016 12:08:00 AM,1000,SHERMAN,EVANSTON
Mon,10/17/2016 12:26:00 AM,1600,DODGE AV,EVANSTON
Sun,10/16/2016 10:28:00 PM,,HOWARD/SEELEY,CHICAGO
Sun,10/16/2016 10:28:00 PM,,HOWARD/SEELEY,CHICAGO
Thu,10/13/2016 06:43:00 AM,800,REBA PL,EVANSTON
Thu,10/13/2016 12:10:00 AM,800,REBA PL,EVANSTON
Wed,10/12/2016 11:27:00 PM,1100,HOWARD STREET,EVANSTON
Tue,10/11/2016 09:49:00 AM,1800,DODGE AV/LYONS ST,EVANSTON
Tue,10/11/2016 09:37:00 AM,600,HOWARD ST,EVANSTON
Tue,10/11/2016 09:32:00 AM,2100,DARROW AV,EVANSTON
Tue,10/11/2016 04:15:00 AM,1000,CHICAGO AV,EVANSTON
Mon,10/10/2016 11:30:00 PM,2100,PAYNE ST,EVANSTON
Mon,10/10/2016 09:24:00 AM,100,CUSTER AV,EVANSTON
Sun,10/09/2016 11:38:00 PM,1300,DEWEY AV,EVANSTON
Sun,10/09/2016 11:33:00 PM,1300,DEWEY AV,EVANSTON
Sun,10/09/2016 09:26:00 PM,1300,DEWEY AV,EVANSTON
Sun,10/09/2016 06:12:00 PM,2000,DODGE AV,EVANSTON
Sun,10/09/2016 06:12:00 PM,2000,DODGE AV,EVANSTON
Fri,10/07/2016 08:14:00 PM,2200,EMERSON ST,EVANSTON
Fri,10/07/2016 09:07:00 AM,2000,FOSTER ST,EVANSTON
Fri,10/07/2016 08:58:00 AM,2000,FOSTER ST,EVANSTON
Fri,10/07/2016 03:07:00 AM,7400,NORTH ROGERS,CHICAGO
Fri,10/07/2016 03:07:00 AM,7400,NORTH ROGERS,CHICAGO
Thu,10/06/2016 11:22:00 PM,7100,RIDGE,CHICAGO
Thu,10/06/2016 11:05:00 PM,7100,RIDGE,CHICAGO
Thu,10/06/2016 10:57:00 PM,7100,RIDGE,CHICAGO
Thu,10/06/2016 10:28:00 PM,7100,RIDGE,CHICAGO
Thu,10/06/2016 04:30:00 AM,,DEMPSTER/LINCOLNWOOD DRIVE,SKOKIE
Thu,10/06/2016 03:43:00 AM,1500,SIMPSON ST,EVANSTON
Thu,10/06/2016 01:56:00 AM,,DEMPSTER/LINCOLNWOOD DRIVE,SKOKIE
Thu,10/06/2016 01:55:00 AM,,DEMPSTER/LINCOLNWOOD DRIVE,SKOKIE
Wed,10/05/2016 11:30:00 PM,700,HINMAN AV,EVANSTON
Wed,10/05/2016 11:08:00 PM,600,BRUMMEL ST,EVANSTON
Wed,10/05/2016 10:18:00 PM,2300,GREENWOOD ST,
Wed,10/05/2016 10:12:00 PM,2300,GREENWOOD ST,EVANSTON
Wed,10/05/2016 10:00:00 PM,600,BRUMMEL ST,EVANSTON
Wed,10/05/2016 04:53:00 AM,1600,ORRINGTON AV,EVANSTON
Tue,10/04/2016 08:21:00 PM,1400,EMERSON ST,EVANSTON
Mon,10/03/2016 11:46:00 PM,7600,NORTH PAULINA,CHICAGO
Mon,10/03/2016 11:46:00 PM,7600,PAULINA ST,CHICAGO
Mon,10/03/2016 01:25:00 AM,1400,FOWLER AV,EVANSTON
Mon,10/03/2016 01:25:00 AM,1400,FOWLER AV,EVANSTON
Mon,10/03/2016 01:25:00 AM,1400,FOWLER AV,EVANSTON
Mon,10/03/2016 01:25:00 AM,1400,FOWLER AV,EVANSTON
Sun,10/02/2016 10:00:00 PM,1900,DEMPSTER ST,EVANSTON
Sun,10/02/2016 10:00:00 PM,1900,DEMPSTER ST,EVANSTON
Sat,10/01/2016 06:43:00 PM,800,SHERIDAN RD,EVANSTON
Sat,10/01/2016 06:43:00 PM,800,SHERIDAN RD,EVANSTON
